Subject_ID,age,LUNG_CANCER,LYMPHOMA,MELANOMA,NEGATIVE,scan count,label
PETCT_0011f3deaf,063Y,0,0,1,0,1,1
PETCT_01140d52d8,061Y,0,0,1,0,1,1
PETCT_0117d7f11f,052Y,1,0,0,0,1,1
PETCT_0143bab87a,084Y,0,0,0,1,1,0
PETCT_0168f65af8,073Y,1,0,0,0,1,1
PETCT_02ba7e20f5,067Y,0,0,1,0,1,1
PETCT_0410759456,078Y,0,0,0,2,2,0
PETCT_04606080a0,062Y,1,0,0,0,1,1
PETCT_048981112f,077Y,0,0,0,1,1,0
PETCT_04a4e1c874,057Y,1,0,0,0,1,1
PETCT_04ab5c61c9,020Y,0,1,0,0,1,1
PETCT_05808cf24e,048Y,0,1,0,1,2,1
PETCT_05d8640f52,079Y,0,0,0,1,1,0
PETCT_06a46414eb,066Y,0,0,1,0,1,1
PETCT_06d55e8295,046Y,0,0,0,1,1,0
PETCT_06e7c24059,065Y,0,0,1,0,1,1
PETCT_072833774e,076Y,0,0,0,1,1,0
PETCT_07b7e9abfc,076Y,0,0,0,1,1,0
PETCT_080922db5a,051Y,0,0,0,1,1,0
PETCT_08cdb15e0b,055Y,0,1,0,0,1,1
PETCT_099b3fd402,095Y,0,0,1,0,1,1
PETCT_09ee00bdc6,078Y,0,0,1,0,1,1
PETCT_0af7ffe12a,061Y,0,0,0,1,1,0
PETCT_0b57b247b6,021Y,0,1,0,0,1,1
PETCT_0b98dbe00d,058Y,1,0,0,0,1,1
PETCT_0beb67c923,056Y,0,1,0,0,1,1
PETCT_0c13e4df10,036Y,0,0,0,1,1,0
PETCT_0cda25453b,073Y,0,1,0,0,1,1
PETCT_0dbf2c2731,070Y,0,0,0,1,1,0
PETCT_0e2034240b,079Y,1,0,0,0,1,1
PETCT_0e9a98ecda,051Y,0,0,0,1,1,0
PETCT_0f44cec2e6,079Y,0,1,0,0,1,1
PETCT_0f4ee9e078,071Y,0,1,0,0,1,1
PETCT_0fa313309d,075Y,0,1,0,1,2,1
PETCT_108c1763d4,069Y,0,1,0,0,1,1
PETCT_119165872d,078Y,0,1,0,0,1,1
PETCT_11afab3485,079Y,0,0,1,0,1,1
PETCT_11e258cc1f,024Y,0,1,0,0,1,1
PETCT_1253499c80,053Y,0,0,1,0,1,1
PETCT_1285b86bea,069Y,0,0,1,0,1,1
PETCT_1291700093,052Y,0,0,1,0,1,1
PETCT_13b40a817b,057Y,1,0,0,0,1,1
PETCT_13d0984c93,052Y,0,1,0,0,1,1
PETCT_1472967bef,064Y,1,0,0,0,1,1
PETCT_147a9fcff3,076Y,1,0,0,0,1,1
PETCT_14929994cf,079Y,0,0,0,1,1,0
PETCT_14c4d2c208,051Y,1,0,0,0,1,1
PETCT_14f931f634,056Y,0,0,1,0,1,1
PETCT_154e94256c,069Y,1,0,0,0,1,1
PETCT_1553bd8c8f,055Y,0,0,0,1,1,0
PETCT_15a205ffcc,081Y,0,0,1,0,1,1
PETCT_15cfa01130,082Y,1,0,0,0,1,1
PETCT_15f4b7254f,031Y,0,2,0,0,2,2
PETCT_16cdbc8689,051Y,0,1,0,0,1,1
PETCT_173b804eda,075Y,0,0,0,1,1,0
PETCT_176bdc5388,077Y,0,0,0,1,1,0
PETCT_1774857f8e,062Y,0,0,0,1,1,0
PETCT_17b46d7275,046Y,0,0,0,1,1,0
PETCT_17d334cb6c,061Y,1,0,0,0,1,1
PETCT_182bdeba22,057Y,0,0,0,1,1,0
PETCT_185bac7954,053Y,0,0,0,1,1,0
PETCT_185da4c8b6,073Y,0,0,1,0,1,1
PETCT_18e8b02af3,054Y,0,0,1,0,1,1
PETCT_193dea6ac7,076Y,0,0,0,1,1,0
PETCT_19838cb8e5,080Y,1,0,0,0,1,1
PETCT_19b68a666b,077Y,0,0,1,0,1,1
PETCT_1a1712f7d0,059Y,0,0,3,0,3,3
PETCT_1a8bd52f71,080Y,0,0,0,1,1,0
PETCT_1a90052cb2,050Y,0,0,1,1,2,1
PETCT_1ac497ed9d,063Y,0,0,0,1,1,0
PETCT_1b1bdfc35b,046Y,0,1,0,0,1,1
PETCT_1bdefef7d5,056Y,0,0,0,1,1,0
PETCT_1cb2d26a19,066Y,0,0,0,1,1,0
PETCT_1e43e3d692,050Y,0,0,0,1,1,0
PETCT_1f2a4f4280,057Y,0,0,0,2,2,0
PETCT_1f6b6b0548,038Y,0,1,0,0,1,1
PETCT_1fa22c576e,063Y,0,0,0,1,1,0
PETCT_1fcfa34d10,069Y,0,0,1,0,1,1
PETCT_1fe6e48293,033Y,0,1,0,0,1,1
PETCT_20995a0fe1,076Y,0,0,1,0,1,1
PETCT_20a607649d,076Y,0,0,1,0,1,1
PETCT_20f4a3aa02,071Y,0,0,0,1,1,0
PETCT_2122b88719,079Y,0,0,0,1,1,0
PETCT_2140db0ca5,048Y,0,0,1,0,1,1
PETCT_21853fc15b,069Y,1,0,0,0,1,1
PETCT_21e4ffcb52,047Y,0,1,0,0,1,1
PETCT_2202a936e0,040Y,0,1,0,0,1,1
PETCT_22d07bdc49,064Y,0,1,0,0,1,1
PETCT_234f8427c0,070Y,0,0,0,2,2,0
PETCT_23ed525e82,052Y,0,0,1,0,1,1
PETCT_249c02c01c,037Y,0,1,0,1,2,1
PETCT_249dd35d0c,085Y,0,1,0,0,1,1
PETCT_24cb79a92b,078Y,0,0,0,1,1,0
PETCT_25707f94a2,047Y,0,0,1,0,1,1
PETCT_265c26907a,061Y,0,0,0,1,1,0
PETCT_2745fb1adb,065Y,0,0,0,1,1,0
PETCT_274688d0a8,070Y,0,0,0,1,1,0
PETCT_275fb00a66,065Y,1,0,0,0,1,1
PETCT_2791a0b3c2,050Y,0,0,0,1,1,0
PETCT_27ad42f8a9,074Y,1,0,0,0,1,1
PETCT_27d69a8466,079Y,1,0,0,0,1,1
PETCT_28a0a0a163,049Y,0,0,0,1,1,0
PETCT_2922971d0f,077Y,0,0,0,1,1,0
PETCT_29ab45ef17,047Y,0,1,0,0,1,1
PETCT_29b372cb99,055Y,0,0,0,1,1,0
PETCT_2a41141775,065Y,0,0,0,1,1,0
PETCT_2a6f4f0753,080Y,0,0,1,0,1,1
PETCT_2a78eed085,083Y,1,0,0,0,1,1
PETCT_2ad62beb52,019Y,0,0,0,1,1,0
PETCT_2b29531d8c,064Y,0,0,1,0,1,1
PETCT_2ce074c2ea,062Y,0,1,0,0,1,1
PETCT_2d70838805,065Y,0,0,1,0,1,1
PETCT_2d9638360e,028Y,0,0,0,1,1,0
PETCT_2dc17aaeaf,065Y,0,1,0,0,1,1
PETCT_2e44706eaf,069Y,0,0,1,0,1,1
PETCT_2e97a9e5c2,054Y,0,1,0,0,1,1
PETCT_2f2ee78c89,077Y,0,0,0,1,1,0
PETCT_2f587d00b1,041Y,0,0,0,1,1,0
PETCT_2f7200f771,056Y,0,0,1,0,1,1
PETCT_2f9aec0275,021Y,0,1,0,1,2,1
PETCT_30001118d0,035Y,0,1,0,0,1,1
PETCT_302613f9a5,061Y,0,0,0,1,1,0
PETCT_30287f520f,026Y,0,0,0,1,1,0
PETCT_3049d4f1a4,064Y,1,0,0,0,1,1
PETCT_30c4b7062b,071Y,1,0,0,0,1,1
PETCT_31ddf5013a,054Y,1,0,0,0,1,1
PETCT_321bba14bc,071Y,1,0,0,0,1,1
PETCT_32219760da,054Y,0,0,0,1,1,0
PETCT_323cc5aff8,038Y,0,1,0,0,1,1
PETCT_32aa845af1,061Y,0,0,2,0,2,2
PETCT_335a00191d,068Y,1,0,0,0,1,1
PETCT_345b11778a,063Y,0,0,0,1,1,0
PETCT_3481507253,038Y,0,0,0,1,1,0
PETCT_34aa521b46,080Y,0,0,0,1,1,0
PETCT_34d3efa936,052Y,0,0,0,1,1,0
PETCT_35de69968e,068Y,0,0,0,1,1,0
PETCT_36bb0257fc,087Y,0,0,1,0,1,1
PETCT_372746cc99,049Y,0,0,0,1,1,0
PETCT_37952b7ffb,071Y,1,0,0,0,1,1
PETCT_380f71df1e,062Y,1,0,0,0,1,1
PETCT_38106fde84,081Y,0,0,0,1,1,0
PETCT_38733c001e,050Y,0,0,0,1,1,0
PETCT_389462c0ac,058Y,0,0,0,3,3,0
PETCT_389c968170,032Y,0,0,0,2,2,0
PETCT_38a374d01a,079Y,0,0,0,1,1,0
PETCT_390129c0d2,051Y,0,0,0,1,1,0
PETCT_39eca178a1,018Y,0,0,0,1,1,0
PETCT_3a40a26443,050Y,0,0,0,1,1,0
PETCT_3a4be713a1,079Y,1,0,0,0,1,1
PETCT_3b14690fce,056Y,0,0,0,1,1,0
PETCT_3b1c9155f5,057Y,1,0,0,0,1,1
PETCT_3b2a4af482,064Y,0,0,0,1,1,0
PETCT_3b73c2480a,059Y,1,0,0,0,1,1
PETCT_3c71e8f518,073Y,1,0,0,0,1,1
PETCT_3c94a00f90,076Y,0,0,0,1,1,0
PETCT_3cd49210eb,071Y,0,0,0,1,1,0
PETCT_3cf68da275,062Y,0,0,0,1,1,0
PETCT_3d8b79d739,059Y,0,0,0,1,1,0
PETCT_3eac8f16d4,058Y,1,0,0,0,1,1
PETCT_3f2ee0274d,059Y,0,0,0,1,1,0
PETCT_3f3df20439,055Y,0,0,0,1,1,0
PETCT_3f5a9f616f,060Y,0,0,1,0,1,1
PETCT_3fd361ec14,051Y,0,1,0,0,1,1
PETCT_4011ffe8ae,067Y,0,1,0,0,1,1
PETCT_4076ea9a15,058Y,0,1,0,0,1,1
PETCT_4095c12e2d,061Y,0,0,0,1,1,0
PETCT_411801de5a,068Y,0,0,0,1,1,0
PETCT_41472f5ce9,064Y,1,0,0,0,1,1
PETCT_416d3b9b78,056Y,0,0,0,1,1,0
PETCT_41bd54f97a,053Y,0,0,0,1,1,0
PETCT_41f4d41517,080Y,0,0,0,1,1,0
PETCT_41fadf6520,068Y,0,0,1,0,1,1
PETCT_4250de48c8,062Y,1,0,0,0,1,1
PETCT_42e9f16c09,079Y,1,0,0,0,1,1
PETCT_437d2c96fe,028Y,0,0,0,1,1,0
PETCT_43c9c71b31,080Y,0,0,0,1,1,0
PETCT_4404466919,052Y,0,0,1,0,1,1
PETCT_442a09f90e,079Y,1,0,0,0,1,1
PETCT_448225c237,078Y,0,0,0,1,1,0
PETCT_44b95650c3,048Y,0,0,0,1,1,0
PETCT_44c04dcf65,040Y,0,0,0,1,1,0
PETCT_44cfacfd6e,058Y,0,0,0,1,1,0
PETCT_44d6ba6772,082Y,0,0,0,1,1,0
PETCT_456d14846b,070Y,0,1,0,0,1,1
PETCT_456e6f9dc2,064Y,0,0,1,0,1,1
PETCT_46ee4ddd68,082Y,0,0,1,0,1,1
PETCT_474d7af918,052Y,0,0,0,1,1,0
PETCT_4760c0139a,075Y,0,0,0,1,1,0
PETCT_4776e75543,049Y,0,0,1,0,1,1
PETCT_4785066413,028Y,0,0,0,1,1,0
PETCT_47cd731006,076Y,0,0,1,0,1,1
PETCT_47f4460050,081Y,0,0,0,1,1,0
PETCT_48a34ccdf0,050Y,0,0,0,1,1,0
PETCT_48c70dc4a3,053Y,0,0,0,2,2,0
PETCT_48cb8662f7,078Y,0,0,1,0,1,1
PETCT_48d5467561,059Y,0,0,0,2,2,0
PETCT_49479d6e64,077Y,1,0,0,0,1,1
PETCT_49f3d297b0,041Y,0,1,0,0,1,1
PETCT_4a0d2e5166,058Y,0,0,0,1,1,0
PETCT_4a255db7bd,071Y,0,1,0,0,1,1
PETCT_4a72eeb991,054Y,0,0,0,1,1,0
PETCT_4bab91dccd,054Y,0,0,0,1,1,0
PETCT_4be28f9cd7,068Y,1,0,0,0,1,1
PETCT_4c670a5445,074Y,0,0,1,0,1,1
PETCT_4c75fa4a5d,048Y,0,0,1,0,1,1
PETCT_4c9e7be363,074Y,1,0,0,0,1,1
PETCT_4dcf62f869,082Y,1,0,0,0,1,1
PETCT_4e3d83bfe3,053Y,0,0,0,1,1,0
PETCT_4ef69de4e1,045Y,0,0,0,1,1,0
PETCT_4f6ff86453,081Y,0,0,0,1,1,0
PETCT_4f7a8f41c0,049Y,1,0,0,0,1,1
PETCT_4fb1817df3,046Y,0,0,0,1,1,0
PETCT_5060603ba4,076Y,0,0,1,0,1,1
PETCT_5109748328,048Y,0,0,0,1,1,0
PETCT_510fb36781,026Y,0,1,0,0,1,1
PETCT_5255c79083,051Y,1,0,0,0,1,1
PETCT_527c5afc5d,076Y,0,1,0,0,1,1
PETCT_52f84711a5,031Y,0,0,0,1,1,0
PETCT_53a0610615,062Y,1,0,0,0,1,1
PETCT_53ccb9efbb,029Y,0,0,0,1,1,0
PETCT_544676de40,054Y,0,0,1,2,3,1
PETCT_548213edf7,050Y,0,1,0,0,1,1
PETCT_548bd05667,080Y,0,0,1,0,1,1
PETCT_54977a7e76,037Y,0,0,0,1,1,0
PETCT_54bed1d98f,077Y,0,0,0,1,1,0
PETCT_55819a54c2,054Y,0,0,0,1,1,0
PETCT_55ae7986e1,061Y,1,0,0,0,1,1
PETCT_55d55902c6,060Y,0,0,0,1,1,0
PETCT_55e3e62722,072Y,0,0,0,1,1,0
PETCT_562294be56,029Y,0,0,0,3,3,0
PETCT_572fca6b44,060Y,0,0,0,1,1,0
PETCT_57c05962c1,059Y,0,0,0,1,1,0
PETCT_591b3025ff,085Y,0,0,0,1,1,0
PETCT_59309d6625,078Y,0,0,1,0,1,1
PETCT_5951afb86e,082Y,0,0,0,1,1,0
PETCT_59e6d1de22,051Y,0,1,0,0,1,1
PETCT_5a274a0f26,027Y,0,0,0,1,1,0
PETCT_5ac322455f,057Y,0,1,0,0,1,1
PETCT_5b0aa4e971,064Y,0,0,0,1,1,0
PETCT_5b10c3f524,059Y,0,0,0,1,1,0
PETCT_5bd311a5e9,066Y,0,0,0,1,1,0
PETCT_5c1baad5d8,085Y,0,0,1,0,1,1
PETCT_5c35fcbe89,055Y,1,0,0,0,1,1
PETCT_5c55b3087d,059Y,1,0,0,0,1,1
PETCT_5d553bf6b4,073Y,1,0,0,0,1,1
PETCT_5d994c3f44,073Y,0,0,1,0,1,1
PETCT_5de3ac617a,039Y,0,1,0,0,1,1
PETCT_5e0bc6cdda,073Y,0,0,1,0,1,1
PETCT_5e2da717db,062Y,1,0,0,0,1,1
PETCT_5e339b2ecf,059Y,0,0,0,3,3,0
PETCT_5e81863014,039Y,0,0,0,1,1,0
PETCT_5ef99b0b6b,056Y,0,1,0,0,1,1
PETCT_5f569fb737,065Y,1,0,0,0,1,1
PETCT_607c1b38e3,068Y,0,0,0,2,2,0
PETCT_60baa6979c,045Y,0,1,0,0,1,1
PETCT_61348439bf,058Y,0,1,0,0,1,1
PETCT_61663450f8,077Y,0,0,1,0,1,1
PETCT_6170317f2e,011Y,0,1,0,0,1,1
PETCT_61d5bc58fc,036Y,0,0,0,4,4,0
PETCT_62011ff15b,040Y,0,1,0,0,1,1
PETCT_62405d117c,037Y,0,1,0,0,1,1
PETCT_62a78a061f,051Y,0,0,0,1,1,0
PETCT_62b114e09b,062Y,0,1,0,1,2,1
PETCT_62ced197ca,053Y,0,0,1,0,1,1
PETCT_63464433c8,066Y,0,0,0,1,1,0
PETCT_63508c679d,071Y,0,1,0,1,2,1
PETCT_63dd9503eb,064Y,1,0,0,0,1,1
PETCT_642d6c78d6,065Y,0,1,0,1,2,1
PETCT_644d80e987,072Y,0,1,0,0,1,1
PETCT_64aff75516,060Y,0,0,0,2,2,0
PETCT_64c0cba177,043Y,0,0,0,1,1,0
PETCT_65346b03b8,071Y,0,0,1,0,1,1
PETCT_6543c58e13,073Y,1,0,0,0,1,1
PETCT_65a1330e90,057Y,1,0,0,0,1,1
PETCT_65bd1a4c38,037Y,0,1,0,0,1,1
PETCT_661ddc60e0,078Y,0,0,1,0,1,1
PETCT_674c49778c,042Y,0,0,0,1,1,0
PETCT_685d7c09b5,036Y,0,1,0,0,1,1
PETCT_68a7ade33c,073Y,1,0,0,0,1,1
PETCT_68b75093c5,057Y,1,0,0,0,1,1
PETCT_68ef307665,027Y,0,0,0,1,1,0
PETCT_68f73c4518,028Y,0,1,0,0,1,1
PETCT_69606f6a25,063Y,0,0,0,1,1,0
PETCT_69aa8dbfd2,054Y,0,0,0,1,1,0
PETCT_69c90b6820,075Y,0,0,0,1,1,0
PETCT_6a3477cd9a,025Y,0,1,0,0,1,1
PETCT_6aea5c3a03,063Y,1,0,0,0,1,1
PETCT_6b177a3c28,054Y,0,0,0,1,1,0
PETCT_6b20c7eabb,061Y,0,0,0,1,1,0
PETCT_6c23f2686d,063Y,0,0,1,0,1,1
PETCT_6c469107a0,075Y,0,1,0,0,1,1
PETCT_6c660140ca,077Y,0,0,1,0,1,1
PETCT_6d62e15c29,082Y,0,0,1,1,2,1
PETCT_6d6a193655,077Y,1,0,0,0,1,1
PETCT_6dd36a2c19,063Y,0,0,0,1,1,0
PETCT_6e1dba94e8,069Y,0,0,0,1,1,0
PETCT_6e7c7f8087,057Y,1,0,0,0,1,1
PETCT_6efefcb92a,083Y,0,0,1,0,1,1
PETCT_6f46454a8d,048Y,0,0,0,3,3,0
PETCT_6fe855c937,061Y,1,0,0,0,1,1
PETCT_7094acd4c0,079Y,1,0,0,0,1,1
PETCT_7147385005,050Y,0,1,0,0,1,1
PETCT_71ac560ffe,074Y,0,0,0,1,1,0
PETCT_71ae114917,059Y,0,0,0,1,1,0
PETCT_72725f2bda,081Y,0,0,0,1,1,0
PETCT_72d2d6de52,049Y,0,0,0,1,1,0
PETCT_7323c415d0,086Y,0,0,1,0,1,1
PETCT_73597f33fe,059Y,0,0,2,0,2,2
PETCT_741f6130ed,059Y,0,0,0,1,1,0
PETCT_742a9413db,065Y,1,0,0,0,1,1
PETCT_74bbceaeeb,056Y,0,1,0,0,1,1
PETCT_75046e0c12,043Y,0,0,0,1,1,0
PETCT_75210090cd,059Y,0,0,0,1,1,0
PETCT_75d1080946,053Y,0,0,0,1,1,0
PETCT_75d5e740f0,047Y,0,0,0,1,1,0
PETCT_75e42ff05f,056Y,0,0,0,1,1,0
PETCT_777fa0ba88,047Y,0,0,0,2,2,0
PETCT_7785c10e91,058Y,0,0,1,0,1,1
PETCT_77bceab232,061Y,1,0,0,0,1,1
PETCT_78355d1d4f,070Y,0,0,0,1,1,0
PETCT_78b89bc739,058Y,0,0,0,1,1,0
PETCT_791ec15924,059Y,0,0,1,0,1,1
PETCT_7948aa0e26,058Y,1,0,0,0,1,1
PETCT_7978e9fe62,067Y,0,0,0,1,1,0
PETCT_7a262070a9,079Y,0,0,0,1,1,0
PETCT_7a3a27371a,065Y,0,0,0,1,1,0
PETCT_7a77b26403,062Y,1,0,0,0,1,1
PETCT_7a8a062ed5,055Y,0,1,0,0,1,1
PETCT_7abe274c10,071Y,0,0,0,1,1,0
PETCT_7b42056ee3,074Y,1,0,0,0,1,1
PETCT_7b477e7e0d,076Y,0,0,1,1,2,1
PETCT_7b9d625330,051Y,0,0,0,1,1,0
PETCT_7c1e6175e0,042Y,0,0,0,1,1,0
PETCT_7c96c4626d,057Y,0,0,0,1,1,0
PETCT_7ce196485f,065Y,0,0,1,0,1,1
PETCT_7cfaf65584,062Y,0,0,0,1,1,0
PETCT_7cfd708a53,055Y,0,0,1,0,1,1
PETCT_7d01eb835d,082Y,0,0,1,0,1,1
PETCT_7d8aa1e94d,030Y,0,0,0,1,1,0
PETCT_7d97f7a102,060Y,1,0,0,0,1,1
PETCT_7e56b0b62c,029Y,0,0,0,1,1,0
PETCT_7ed037687a,057Y,0,0,1,0,1,1
PETCT_7ee7610b9e,066Y,0,0,0,1,1,0
PETCT_7f2a604e03,064Y,0,0,1,0,1,1
PETCT_7faf36a152,058Y,1,0,0,1,2,1
PETCT_7fbb39290e,068Y,0,0,1,0,1,1
PETCT_802f19931c,077Y,1,0,0,0,1,1
PETCT_80b8393c44,055Y,0,0,0,1,1,0
PETCT_80ccbdadf9,053Y,1,0,0,0,1,1
PETCT_80d7e682f7,037Y,0,1,0,0,1,1
PETCT_80f21e1ed0,066Y,0,0,0,1,1,0
PETCT_80f7760f65,060Y,0,0,0,2,2,0
PETCT_816732638d,079Y,1,0,0,0,1,1
PETCT_81debf13a1,075Y,0,0,0,1,1,0
PETCT_824c6a0014,057Y,0,0,0,1,1,0
PETCT_8311aeddb9,069Y,0,0,0,2,2,0
PETCT_846c1af245,048Y,0,0,0,1,1,0
PETCT_84e7715ed9,076Y,1,0,0,0,1,1
PETCT_855c7fca12,055Y,0,0,0,1,1,0
PETCT_85b69fed1c,049Y,0,0,0,1,1,0
PETCT_86e54ea60a,074Y,1,0,0,0,1,1
PETCT_870181d7fd,047Y,0,1,0,0,1,1
PETCT_87afc291ec,077Y,0,0,0,2,2,0
PETCT_88bcc970b3,075Y,1,0,0,0,1,1
PETCT_89065bc4ab,077Y,0,0,1,0,1,1
PETCT_89fb723947,058Y,1,0,0,0,1,1
PETCT_8a52353a72,038Y,0,1,0,0,1,1
PETCT_8aa48809ea,062Y,1,0,0,0,1,1
PETCT_8af3757198,055Y,0,0,0,1,1,0
PETCT_8b14e6a819,049Y,0,0,0,1,1,0
PETCT_8b40e356dc,064Y,0,0,0,1,1,0
PETCT_8b73608326,059Y,0,0,0,1,1,0
PETCT_8b74860ce6,021Y,0,1,0,0,1,1
PETCT_8bebb676bf,074Y,0,0,0,1,1,0
PETCT_8bf08c9a42,053Y,0,0,0,1,1,0
PETCT_8c5d99b459,062Y,0,0,0,1,1,0
PETCT_8c8cd2699c,074Y,0,0,1,0,1,1
PETCT_8de6953d23,036Y,0,1,0,0,1,1
PETCT_8de70b5cd7,075Y,0,0,0,1,1,0
PETCT_8e02f36295,072Y,0,0,1,0,1,1
PETCT_8eb3998417,069Y,0,0,0,1,1,0
PETCT_8ec13728df,063Y,0,1,0,0,1,1
PETCT_8f2878df50,075Y,0,0,1,1,2,1
PETCT_8fea5f0537,029Y,0,0,0,1,1,0
PETCT_90ea6a6aaf,080Y,0,0,1,0,1,1
PETCT_912a25778f,078Y,0,0,1,0,1,1
PETCT_91cfa804b0,083Y,0,0,1,0,1,1
PETCT_92c3de23f5,061Y,0,0,0,1,1,0
PETCT_92c5c944a5,061Y,1,0,0,0,1,1
PETCT_93bea242d1,082Y,0,0,1,0,1,1
PETCT_94962fe878,051Y,0,0,1,0,1,1
PETCT_94cc0dac49,035Y,0,0,1,1,2,1
PETCT_956520090b,043Y,0,0,0,1,1,0
PETCT_95efdaba3c,081Y,0,0,1,0,1,1
PETCT_960c5f4262,067Y,0,0,0,2,2,0
PETCT_963a71819a,061Y,1,0,0,0,1,1
PETCT_96e7a3ab28,070Y,0,0,0,1,1,0
PETCT_97320b0b58,022Y,0,1,0,1,2,1
PETCT_9775598501,063Y,1,0,0,0,1,1
PETCT_978c395243,050Y,0,0,1,0,1,1
PETCT_9837205b34,069Y,1,0,0,0,1,1
PETCT_983a76fd43,047Y,1,0,0,0,1,1
PETCT_9860ffe82d,069Y,0,0,0,1,1,0
PETCT_987c8a1160,047Y,0,1,0,0,1,1
PETCT_98c6af8b90,058Y,1,0,0,0,1,1
PETCT_98cd91d44e,048Y,0,0,0,1,1,0
PETCT_993d40ea7e,057Y,0,0,0,1,1,0
PETCT_997d4ef9a7,048Y,0,0,0,1,1,0
PETCT_99e5728030,075Y,0,0,1,0,1,1
PETCT_9a2c6e618a,072Y,0,1,0,0,1,1
PETCT_9a418f3b3a,058Y,0,0,0,1,1,0
PETCT_9a583160ea,085Y,0,0,1,0,1,1
PETCT_9a66a81ad1,063Y,0,0,0,4,4,0
PETCT_9abb9583ec,060Y,0,0,1,0,1,1
PETCT_9ad7dffae6,037Y,0,0,0,1,1,0
PETCT_9afd440677,070Y,1,0,0,0,1,1
PETCT_9b1bb2165a,080Y,0,0,0,1,1,0
PETCT_9b53627d23,051Y,0,0,0,1,1,0
PETCT_9b982e72cb,070Y,1,0,0,0,1,1
PETCT_9b9d67b3ff,062Y,0,0,0,1,1,0
PETCT_9c36b318e8,036Y,0,0,0,1,1,0
PETCT_9c9a347388,044Y,1,0,0,0,1,1
PETCT_9d6699f215,034Y,0,1,0,0,1,1
PETCT_9d6e9223cc,066Y,0,0,0,1,1,0
PETCT_9d97ac5d4d,065Y,0,0,0,1,1,0
PETCT_9da159b835,051Y,1,0,0,0,1,1
PETCT_9e864bb710,063Y,0,0,0,1,1,0
PETCT_9f491f1481,047Y,0,0,0,1,1,0
PETCT_9f6e8b1b43,068Y,0,0,0,1,1,0
PETCT_9f7c68f5ca,064Y,0,0,1,0,1,1
PETCT_a09210d96b,060Y,0,0,0,1,1,0
PETCT_a0c4dc1ef1,048Y,0,0,1,0,1,1
PETCT_a19c2a0c65,064Y,0,0,0,1,1,0
PETCT_a1bc00ad60,049Y,0,0,1,1,2,1
PETCT_a1d93ebc74,080Y,0,0,0,1,1,0
PETCT_a1db71e797,040Y,0,0,1,0,1,1
PETCT_a21200dcba,053Y,0,0,0,1,1,0
PETCT_a22ec7f62b,058Y,0,0,0,1,1,0
PETCT_a25083ff81,071Y,0,0,0,1,1,0
PETCT_a2676f03c0,077Y,0,0,0,1,1,0
PETCT_a29cae0316,053Y,0,0,0,1,1,0
PETCT_a2a68bbe97,048Y,0,0,1,0,1,1
PETCT_a37b4bca43,065Y,0,0,0,1,1,0
PETCT_a37c4e231f,069Y,0,0,0,1,1,0
PETCT_a37da9e85d,070Y,1,0,0,0,1,1
PETCT_a3ce52b2a8,041Y,0,0,0,2,2,0
PETCT_a41d59682f,063Y,0,0,0,1,1,0
PETCT_a471649d35,067Y,0,0,1,0,1,1
PETCT_a4ccc397a9,029Y,0,0,0,1,1,0
PETCT_a4cd2b10de,074Y,0,0,1,2,3,1
PETCT_a4ff5d0d9d,072Y,0,1,0,0,1,1
PETCT_a57bd6b006,049Y,0,0,0,1,1,0
PETCT_a61d8768d0,049Y,0,0,1,0,1,1
PETCT_a627fc68a1,069Y,0,0,0,1,1,0
PETCT_a7b323b3fd,020Y,0,1,0,0,1,1
PETCT_a82f03863a,076Y,0,0,1,0,1,1
PETCT_a86b2dc6ce,052Y,0,0,1,0,1,1
PETCT_a87dda9193,033Y,0,0,0,1,1,0
PETCT_a8a5e96821,048Y,0,0,0,2,2,0
PETCT_a90955352e,035Y,0,0,0,1,1,0
PETCT_a933c9af60,082Y,0,0,0,1,1,0
PETCT_a9d7a14ba1,065Y,1,0,0,0,1,1
PETCT_aa27cb9156,019Y,0,1,0,0,1,1
PETCT_ab1fa26e5e,048Y,1,0,0,0,1,1
PETCT_ac11b344b6,066Y,1,0,0,0,1,1
PETCT_ac75e49284,016Y,0,1,0,0,1,1
PETCT_ad7c6a4a58,066Y,1,0,0,0,1,1
PETCT_ad7cd4a9d2,023Y,0,1,0,0,1,1
PETCT_ad99263bec,071Y,0,0,0,1,1,0
PETCT_ae3074834a,076Y,0,1,0,0,1,1
PETCT_ae46202abb,077Y,0,0,0,1,1,0
PETCT_ae4dcc5dd3,042Y,0,0,0,1,1,0
PETCT_ae6a37a9d6,072Y,0,0,0,5,5,0
PETCT_ae96f738c0,019Y,0,1,0,1,2,1
PETCT_aea7906fd2,077Y,1,0,0,0,1,1
PETCT_aee7d68f86,068Y,1,0,0,0,1,1
PETCT_b04be2846e,056Y,0,1,0,0,1,1
PETCT_b0e002e974,054Y,0,0,0,3,3,0
PETCT_b1219c408b,076Y,1,0,0,0,1,1
PETCT_b1aa7ce13e,066Y,1,0,0,0,1,1
PETCT_b1d6679284,071Y,0,0,0,1,1,0
PETCT_b1de3d4248,033Y,0,0,0,1,1,0
PETCT_b2244b5591,078Y,1,0,0,0,1,1
PETCT_b2f82ed4b9,028Y,0,1,0,1,2,1
PETCT_b3d4773f85,062Y,0,1,0,0,1,1
PETCT_b3e923029c,075Y,0,0,0,2,2,0
PETCT_b41bc7c1e5,019Y,0,0,1,2,3,1
PETCT_b4247b8ecd,060Y,0,0,0,2,2,0
PETCT_b42adab18e,085Y,0,0,0,1,1,0
PETCT_b4e5c1047c,064Y,0,0,0,1,1,0
PETCT_b509ace2a2,044Y,0,1,0,0,1,1
PETCT_b510436d83,057Y,0,0,2,0,2,2
PETCT_b52920038c,063Y,1,0,0,0,1,1
PETCT_b57e1c1f5f,081Y,0,0,0,1,1,0
PETCT_b5923963ac,063Y,0,0,1,1,2,1
PETCT_b621742469,046Y,0,0,0,1,1,0
PETCT_b663adb148,081Y,0,0,0,1,1,0
PETCT_b6a1ee33ef,080Y,0,0,1,0,1,1
PETCT_b6a3c72db6,068Y,1,0,0,0,1,1
PETCT_b6fc20942c,062Y,1,0,0,0,1,1
PETCT_b79961f3f6,066Y,0,0,0,1,1,0
PETCT_b899150306,064Y,1,0,0,0,1,1
PETCT_b926177c87,062Y,0,0,0,1,1,0
PETCT_b92d7f441e,064Y,0,0,0,1,1,0
PETCT_ba81e4b04b,065Y,0,0,0,1,1,0
PETCT_baacf43b4f,060Y,1,0,0,0,1,1
PETCT_bacc741e2c,070Y,1,0,0,0,1,1
PETCT_bb45bfcffd,064Y,0,1,0,0,1,1
PETCT_bb564e29d2,061Y,0,0,0,1,1,0
PETCT_bbb83facb4,057Y,1,0,0,0,1,1
PETCT_bc80d06f97,079Y,0,0,1,0,1,1
PETCT_bca97006e4,081Y,1,0,0,0,1,1
PETCT_bd52fdf529,056Y,1,0,0,0,1,1
PETCT_bd7603e9df,062Y,0,0,1,0,1,1
PETCT_bd76c8d299,069Y,0,0,0,1,1,0
PETCT_bd7c02faa9,054Y,1,0,0,0,1,1
PETCT_bdd21f5590,072Y,0,0,1,0,1,1
PETCT_bef465b4ad,066Y,0,0,0,1,1,0
PETCT_bf178a41b2,055Y,1,0,0,0,1,1
PETCT_bf7652bccc,066Y,1,0,0,0,1,1
PETCT_bfd89440db,062Y,0,0,1,1,2,1
PETCT_c018b45a49,055Y,0,0,0,1,1,0
PETCT_c08293f2b2,048Y,0,0,0,1,1,0
PETCT_c10f48b173,059Y,0,0,0,1,1,0
PETCT_c16c13211c,076Y,0,0,1,0,1,1
PETCT_c16d325d12,073Y,0,0,1,0,1,1
PETCT_c227131152,070Y,0,0,0,1,1,0
PETCT_c252d734a0,085Y,0,0,1,0,1,1
PETCT_c29aba73da,019Y,0,1,0,0,1,1
PETCT_c2b776974a,066Y,0,0,0,1,1,0
PETCT_c32e1daf9b,052Y,0,0,0,1,1,0
PETCT_c38b168f1a,075Y,0,0,0,1,1,0
PETCT_c395306306,038Y,0,0,0,1,1,0
PETCT_c3cc732d95,053Y,0,1,0,0,1,1
PETCT_c517c47bed,076Y,1,0,0,0,1,1
PETCT_c58477f3b4,073Y,1,0,0,0,1,1
PETCT_c58b637e17,042Y,0,0,0,1,1,0
PETCT_c596a50286,083Y,0,0,0,1,1,0
PETCT_c5a143a604,056Y,0,0,0,1,1,0
PETCT_c6730783de,053Y,0,0,0,1,1,0
PETCT_c73c2685c0,081Y,1,0,0,0,1,1
PETCT_c787334539,065Y,0,0,0,1,1,0
PETCT_c799ccc2f6,060Y,1,0,0,0,1,1
PETCT_c7dc6f848c,076Y,0,0,0,1,1,0
PETCT_c7fd7e3e30,062Y,0,0,0,1,1,0
PETCT_c852dfc0a5,051Y,0,0,0,1,1,0
PETCT_c898e2abcb,061Y,0,1,0,0,1,1
PETCT_c9f1b9980f,033Y,0,0,0,1,1,0
PETCT_ca16242e89,077Y,0,0,0,2,2,0
PETCT_ca29501275,050Y,0,0,0,1,1,0
PETCT_ca47fe5e7d,074Y,0,1,0,0,1,1
PETCT_ca5406d339,071Y,0,0,0,1,1,0
PETCT_ca58410fad,070Y,1,0,0,0,1,1
PETCT_ca89066e44,040Y,0,1,0,0,1,1
PETCT_ca9570a0eb,020Y,0,0,0,1,1,0
PETCT_caae8d63f0,072Y,0,0,1,0,1,1
PETCT_cab58c1fee,073Y,0,0,1,0,1,1
PETCT_cb1f5e74ab,057Y,1,0,0,0,1,1
PETCT_cb240e6f0f,057Y,0,0,0,1,1,0
PETCT_cbbc9e2879,056Y,0,1,0,3,4,1
PETCT_cc1698663a,043Y,0,0,0,1,1,0
PETCT_cc7cb73213,080Y,0,0,0,1,1,0
PETCT_ccb9c375b2,061Y,0,0,0,1,1,0
PETCT_ccd8f5ff71,067Y,0,0,0,1,1,0
PETCT_cd2ef932b5,058Y,0,1,0,0,1,1
PETCT_cdd237e9b3,047Y,0,0,1,0,1,1
PETCT_cf20ad1656,050Y,0,0,1,0,1,1
PETCT_cf3725edf0,045Y,0,0,0,1,1,0
PETCT_d0086487f4,060Y,0,0,0,1,1,0
PETCT_d098458d29,068Y,0,0,0,1,1,0
PETCT_d0ea6c975f,065Y,0,0,0,1,1,0
PETCT_d103e57f0e,068Y,0,0,0,1,1,0
PETCT_d1c8141930,070Y,1,0,0,0,1,1
PETCT_d1f456d229,069Y,0,0,0,1,1,0
PETCT_d27451634d,062Y,0,0,0,1,1,0
PETCT_d31c9ebd93,063Y,0,1,0,0,1,1
PETCT_d3208ff062,069Y,0,0,0,1,1,0
PETCT_d325897ff4,074Y,0,0,0,3,3,0
PETCT_d32cf972af,076Y,0,0,0,1,1,0
PETCT_d393ab6c7b,074Y,1,0,0,0,1,1
PETCT_d3d3b7d4ff,077Y,0,0,0,1,1,0
PETCT_d3d61785e6,071Y,1,0,0,0,1,1
PETCT_d3dac0d1cd,075Y,0,1,0,0,1,1
PETCT_d3f13dff4b,060Y,0,0,0,1,1,0
PETCT_d40a16781a,059Y,0,1,0,0,1,1
PETCT_d4112bc7ba,068Y,1,0,0,0,1,1
PETCT_d472033d3b,079Y,0,0,0,1,1,0
PETCT_d4a08e4bde,063Y,0,0,0,1,1,0
PETCT_d4b2ff9721,066Y,1,0,0,0,1,1
PETCT_d4d3d7dfc1,060Y,0,0,0,1,1,0
PETCT_d4f3375362,084Y,0,0,1,0,1,1
PETCT_d5103c8fbf,062Y,0,0,1,0,1,1
PETCT_d51664a9e4,017Y,0,1,0,0,1,1
PETCT_d51bacdaba,062Y,0,0,1,0,1,1
PETCT_d539f5a88b,082Y,0,0,0,1,1,0
PETCT_d5e2aa7feb,035Y,0,0,0,1,1,0
PETCT_d626611daf,079Y,0,0,1,4,5,1
PETCT_d64d6a87c8,056Y,0,0,0,1,1,0
PETCT_d65cf203be,058Y,0,0,1,0,1,1
PETCT_d674a028b1,055Y,0,0,1,0,1,1
PETCT_d69c3fceba,089Y,0,0,1,0,1,1
PETCT_d69eabbb20,083Y,1,0,0,0,1,1
PETCT_d6a491e16d,064Y,0,0,0,1,1,0
PETCT_d6b2218bf3,037Y,0,0,0,1,1,0
PETCT_d7ca3d4aaa,084Y,0,0,1,0,1,1
PETCT_d8a92bafe3,068Y,0,0,1,0,1,1
PETCT_d8d9e52cd5,064Y,0,0,4,0,4,4
PETCT_d951eeb735,077Y,1,0,0,0,1,1
PETCT_d9da6129f8,052Y,0,0,1,0,1,1
PETCT_da4ce0da01,066Y,0,0,0,1,1,0
PETCT_da6161d7eb,046Y,0,0,1,0,1,1
PETCT_dac5cd2a4d,055Y,1,0,0,0,1,1
PETCT_dadcd69ba9,061Y,0,0,1,0,1,1
PETCT_dae86b88e2,052Y,0,0,0,1,1,0
PETCT_db3bac356a,062Y,0,0,0,1,1,0
PETCT_db3daf78d2,018Y,0,1,0,0,1,1
PETCT_dc15c1d9bb,049Y,0,0,0,1,1,0
PETCT_dc6174cb5d,061Y,0,0,2,0,2,2
PETCT_dd68a71e0a,066Y,0,1,0,0,1,1
PETCT_dd887591a9,078Y,0,0,0,1,1,0
PETCT_dd975744e7,049Y,1,0,0,0,1,1
PETCT_ddbb3c69f0,074Y,0,1,0,0,1,1
PETCT_ddca6cfba6,025Y,0,1,0,0,1,1
PETCT_de118d7ab9,079Y,1,0,0,0,1,1
PETCT_dec9ff6a91,047Y,0,0,0,1,1,0
PETCT_ded50b1e68,060Y,0,0,0,1,1,0
PETCT_df2e16771a,059Y,0,0,0,1,1,0
PETCT_e04b7fa860,062Y,1,0,0,0,1,1
PETCT_e09a20d8fc,049Y,0,0,0,1,1,0
PETCT_e0a7ccecad,040Y,0,0,0,1,1,0
PETCT_e0aa99fa04,042Y,0,1,0,0,1,1
PETCT_e0fdc6212a,054Y,0,0,0,1,1,0
PETCT_e1a4145b63,047Y,0,0,1,0,1,1
PETCT_e1a5b05186,057Y,0,0,0,1,1,0
PETCT_e207c7a1a4,065Y,0,0,0,1,1,0
PETCT_e2309b8f92,071Y,0,0,0,1,1,0
PETCT_e252be4334,060Y,0,0,1,0,1,1
PETCT_e2a729e21f,071Y,0,0,0,1,1,0
PETCT_e344879c2e,048Y,0,0,0,2,2,0
PETCT_e44480b9b8,026Y,0,1,0,0,1,1
PETCT_e4712dc58c,023Y,0,1,0,0,1,1
PETCT_e4749cda88,026Y,0,1,0,0,1,1
PETCT_e4e5baf901,067Y,0,0,0,1,1,0
PETCT_e4e99dbb47,053Y,0,0,0,1,1,0
PETCT_e52eca67d7,072Y,0,0,0,1,1,0
PETCT_e5c7be07a8,065Y,0,0,0,1,1,0
PETCT_e5d50c5569,041Y,0,0,0,1,1,0
PETCT_e5e1918765,074Y,0,0,0,1,1,0
PETCT_e664932bbc,063Y,0,0,0,1,1,0
PETCT_e68c4577d8,032Y,0,0,0,1,1,0
PETCT_e69152b6b4,044Y,0,1,0,0,1,1
PETCT_e6b8b963b2,070Y,0,0,0,1,1,0
PETCT_e6f6c84ec5,067Y,0,0,0,1,1,0
PETCT_e77124b7f4,020Y,0,1,0,0,1,1
PETCT_e77c5fca12,067Y,1,0,0,0,1,1
PETCT_e79291780d,084Y,0,0,1,0,1,1
PETCT_e8624bab41,054Y,0,0,0,1,1,0
PETCT_e90a287d09,058Y,0,0,0,2,2,0
PETCT_e9be8ec30f,067Y,0,0,1,0,1,1
PETCT_e9e1a391b5,074Y,1,0,0,0,1,1
PETCT_e9feb1135e,037Y,0,0,0,2,2,0
PETCT_ea051a3e6c,026Y,0,1,0,0,1,1
PETCT_ea0fd89f0f,052Y,0,1,0,0,1,1
PETCT_ea42c88cc7,034Y,0,1,0,0,1,1
PETCT_ea6c621616,030Y,0,1,0,0,1,1
PETCT_ea9302fb0f,044Y,0,0,1,0,1,1
PETCT_eafa147e24,092Y,0,0,1,0,1,1
PETCT_ec581d49ef,056Y,0,0,2,0,2,2
PETCT_ec6b934720,069Y,1,0,0,0,1,1
PETCT_eca59074b9,049Y,0,0,0,1,1,0
PETCT_ed7abf4433,064Y,0,0,0,1,1,0
PETCT_ed9fa4eff1,062Y,0,0,1,0,1,1
PETCT_eda00de6b0,056Y,0,0,0,1,1,0
PETCT_ee97822c60,068Y,1,0,0,0,1,1
PETCT_eee2ede9ad,067Y,0,0,0,1,1,0
PETCT_eeeda112bb,075Y,1,0,0,0,1,1
PETCT_ef9d41b836,058Y,1,0,0,0,1,1
PETCT_efd619ecbf,058Y,1,0,0,0,1,1
PETCT_f01e83894d,030Y,0,0,1,0,1,1
PETCT_f0a1a38a3b,040Y,0,0,0,1,1,0
PETCT_f0e1b89b41,062Y,0,0,0,1,1,0
PETCT_f11f3d3692,067Y,0,0,1,0,1,1
PETCT_f144b214af,021Y,0,1,0,0,1,1
PETCT_f1501b1f45,046Y,0,1,0,0,1,1
PETCT_f1594a7d8a,040Y,0,0,0,1,1,0
PETCT_f15b868db6,065Y,0,0,0,1,1,0
PETCT_f1ca0f7c4c,048Y,0,0,1,0,1,1
PETCT_f21755a99b,028Y,0,1,0,0,1,1
PETCT_f24f3ce1da,053Y,0,0,1,0,1,1
PETCT_f2f28337ba,054Y,0,1,0,0,1,1
PETCT_f37014ec85,061Y,0,0,1,0,1,1
PETCT_f4668d2bdc,082Y,1,0,0,0,1,1
PETCT_f4813007a0,055Y,1,0,0,0,1,1
PETCT_f4a5ebd915,044Y,0,0,0,1,1,0
PETCT_f5c2c09846,063Y,1,0,0,0,1,1
PETCT_f5c9b0de6c,059Y,0,0,1,0,1,1
PETCT_f5cff2e59d,058Y,0,0,0,1,1,0
PETCT_f60ea3abc5,077Y,1,0,0,0,1,1
PETCT_f6295a93a6,081Y,0,0,0,1,1,0
PETCT_f637b5930b,063Y,0,0,1,0,1,1
PETCT_f650c87621,053Y,0,0,0,2,2,0
PETCT_f65602d938,050Y,0,0,1,0,1,1
PETCT_f7067b7bbb,066Y,1,0,0,0,1,1
PETCT_f75d25523c,074Y,0,0,0,1,1,0
PETCT_f7a9267a69,084Y,0,0,0,2,2,0
PETCT_f8314eb3f7,069Y,0,0,0,2,2,0
PETCT_f8aac0e202,076Y,0,0,0,2,2,0
PETCT_f8de0cde56,058Y,0,0,0,1,1,0
PETCT_f9c4d4f9ab,065Y,0,0,1,0,1,1
PETCT_f9e0c504af,052Y,0,1,0,0,1,1
PETCT_fa45f610c4,045Y,0,0,0,1,1,0
PETCT_faf4a6dbaa,055Y,1,0,0,0,1,1
PETCT_fbd907a179,049Y,0,1,0,0,1,1
PETCT_fc0389a486,060Y,0,0,0,1,1,0
PETCT_fcdbe15200,057Y,0,0,1,0,1,1
PETCT_fde66dd53a,078Y,0,0,1,0,1,1
PETCT_fde79b6aa9,075Y,0,0,1,2,3,1
PETCT_fe705ea1cc,066Y,0,1,0,1,2,1
PETCT_ff1451316e,073Y,0,0,0,1,1,0
PETCT_ff39795341,073Y,0,0,0,1,1,0
PETCT_01682f60c3,062Y,1,0,0,0,1,1
PETCT_0223010e46,076Y,0,1,0,0,1,1
PETCT_0225325b91,058Y,0,0,0,1,1,0
PETCT_05bed31780,024Y,0,0,0,1,1,0
PETCT_05d5a79faf,028Y,0,0,0,1,1,0
PETCT_07574bfa00,019Y,0,1,0,0,1,1
PETCT_07fec0d985,050Y,0,0,0,1,1,0
PETCT_08198c4f0c,060Y,0,0,0,1,1,0
PETCT_08212d7f6c,054Y,0,1,0,0,1,1
PETCT_098c4b7b87,071Y,0,0,0,1,1,0
PETCT_0ea07b421b,070Y,1,0,0,0,1,1
PETCT_1019ae8551,072Y,0,0,1,0,1,1
PETCT_12025abab5,068Y,0,0,1,0,1,1
PETCT_13f476b02b,058Y,0,0,1,0,1,1
PETCT_141fffa2a9,068Y,0,0,0,1,1,0
PETCT_1781ba966c,060Y,0,0,0,1,1,0
PETCT_1928952a0f,060Y,0,0,0,1,1,0
PETCT_1956667fce,065Y,0,1,0,1,2,1
PETCT_1a3d4e63ee,069Y,0,0,0,1,1,0
PETCT_1b199d094d,066Y,0,0,1,0,1,1
PETCT_1bb48bfb40,081Y,1,0,0,0,1,1
PETCT_1f65acff65,063Y,0,0,1,0,1,1
PETCT_1fc35d02da,073Y,0,1,0,0,1,1
PETCT_223f70f0b0,045Y,0,1,0,0,1,1
PETCT_2428b44e92,034Y,0,0,0,1,1,0
PETCT_245182006a,065Y,1,0,0,0,1,1
PETCT_2716c9bfff,043Y,0,0,0,3,3,0
PETCT_277fc3c67c,073Y,0,0,0,1,1,0
PETCT_2946d59a94,078Y,0,0,0,1,1,0
PETCT_2b60c8135a,032Y,0,1,0,0,1,1
PETCT_2b8064fbe2,054Y,0,0,0,1,1,0
PETCT_2dac5ef654,069Y,1,0,0,0,1,1
PETCT_30e2b83b74,078Y,0,0,0,3,3,0
PETCT_350e91119a,078Y,0,1,0,0,1,1
PETCT_35c9c85a96,054Y,0,0,2,0,2,2
PETCT_36870de2f2,078Y,0,0,1,0,1,1
PETCT_36d8219e3f,087Y,0,0,1,0,1,1
PETCT_3708f576ec,068Y,0,0,1,0,1,1
PETCT_37472e737f,072Y,1,0,0,0,1,1
PETCT_39159c05c2,067Y,1,0,0,0,1,1
PETCT_3b26172779,058Y,1,0,0,0,1,1
PETCT_3ba0277c0c,079Y,0,0,1,0,1,1
PETCT_3bce0eb7aa,048Y,0,0,0,1,1,0
PETCT_3c3050f75e,063Y,1,0,0,0,1,1
PETCT_3c3ee87fc6,080Y,0,0,1,0,1,1
PETCT_3d6f425a76,060Y,0,1,0,1,2,1
PETCT_402c061122,079Y,0,0,0,2,2,0
PETCT_404f8c732f,051Y,0,0,0,1,1,0
PETCT_40a125468a,060Y,0,0,1,0,1,1
PETCT_40f0749cb7,070Y,1,0,0,0,1,1
PETCT_424e9b79c5,052Y,0,0,1,0,1,1
PETCT_43323b7d42,051Y,1,0,0,0,1,1
PETCT_43647ff727,076Y,0,0,1,0,1,1
PETCT_4481687483,049Y,0,0,0,1,1,0
PETCT_44b08f570e,040Y,0,1,0,0,1,1
PETCT_44bf7dc508,059Y,0,0,0,1,1,0
PETCT_465176d213,072Y,1,0,0,0,1,1
PETCT_4848bebb10,063Y,0,1,0,0,1,1
PETCT_4b688f46b0,089Y,0,0,1,0,1,1
PETCT_4cb875dc0b,089Y,0,0,1,0,1,1
PETCT_4cc808d16f,065Y,0,0,0,1,1,0
PETCT_4d7b745a7b,069Y,1,0,0,0,1,1
PETCT_4ea806706c,019Y,0,0,0,1,1,0
PETCT_5001354a69,062Y,0,0,0,1,1,0
PETCT_515c40c4a6,029Y,0,0,0,1,1,0
PETCT_53dad1785b,059Y,0,0,1,0,1,1
PETCT_5420205a5f,081Y,0,0,0,1,1,0
PETCT_556b56485a,062Y,0,1,0,0,1,1
PETCT_55ca11402a,052Y,0,1,0,0,1,1
PETCT_581fa95eb0,078Y,0,0,1,0,1,1
PETCT_58f276897e,069Y,0,0,0,1,1,0
PETCT_595975bc57,054Y,0,0,0,1,1,0
PETCT_5a58935b68,062Y,1,0,0,0,1,1
PETCT_5ac4fd9091,071Y,0,0,0,1,1,0
PETCT_5c57a98a43,069Y,0,0,0,1,1,0
PETCT_5cf118ac06,021Y,0,1,0,0,1,1
PETCT_5d10be5b89,054Y,0,1,0,0,1,1
PETCT_5d6bf1e75f,083Y,1,0,0,0,1,1
PETCT_5e8b013935,080Y,1,0,0,0,1,1
PETCT_5fa9d9a820,080Y,0,0,0,4,4,0
PETCT_6016a6c3af,081Y,0,0,0,1,1,0
PETCT_605369e88d,052Y,1,0,0,0,1,1
PETCT_631b419cef,059Y,0,0,0,1,1,0
PETCT_64909533c5,061Y,1,0,0,0,1,1
PETCT_6604b228c6,073Y,0,0,0,1,1,0
PETCT_69ee62b035,053Y,0,0,0,1,1,0
PETCT_7255ccbcf4,068Y,0,0,0,1,1,0
PETCT_72ee9ec897,062Y,1,0,0,0,1,1
PETCT_7365362464,053Y,0,0,0,1,1,0
PETCT_73fda3a382,073Y,0,1,0,0,1,1
PETCT_760c77b289,052Y,1,0,0,0,1,1
PETCT_76ebd5c736,053Y,0,0,1,0,1,1
PETCT_770ee48d09,051Y,0,0,1,0,1,1
PETCT_790246c76c,018Y,0,1,0,0,1,1
PETCT_792d7b6ad0,055Y,0,0,0,1,1,0
PETCT_7958ce0f7c,077Y,0,0,1,0,1,1
PETCT_7e5729ea40,059Y,1,0,0,0,1,1
PETCT_7ef5343426,063Y,0,0,0,1,1,0
PETCT_82137245b0,075Y,0,0,1,0,1,1
PETCT_83e4c5b578,075Y,0,0,0,1,1,0
PETCT_86153b2974,033Y,0,0,1,4,5,1
PETCT_8838c53a63,051Y,0,0,0,1,1,0
PETCT_8b714a64e7,077Y,0,0,0,1,1,0
PETCT_8e905366fe,035Y,0,0,1,0,1,1
PETCT_901573a747,027Y,0,1,0,0,1,1
PETCT_90d668ed29,023Y,0,0,0,1,1,0
PETCT_93132553f6,075Y,0,0,0,1,1,0
PETCT_94986389d4,061Y,1,0,0,0,1,1
PETCT_9521502dbb,062Y,0,0,1,0,1,1
PETCT_979f9c3dba,075Y,0,0,1,0,1,1
PETCT_9902caa7ec,078Y,0,0,0,1,1,0
PETCT_99a7bfad23,059Y,1,0,0,0,1,1
PETCT_9a2bfe901f,042Y,0,0,0,1,1,0
PETCT_9a83943958,072Y,0,0,0,1,1,0
PETCT_9aa97cf103,019Y,0,1,0,0,1,1
PETCT_9c68e484a7,072Y,0,0,0,1,1,0
PETCT_9c8842d12e,076Y,0,0,1,0,1,1
PETCT_9f206193d3,025Y,0,1,0,1,2,1
PETCT_9ffd8409b3,040Y,0,1,0,0,1,1
PETCT_a19ef8e0d2,040Y,0,1,0,0,1,1
PETCT_a3df01d3a3,067Y,1,0,0,0,1,1
PETCT_a4a66c4fa7,078Y,0,0,0,1,1,0
PETCT_a4cb97ffc7,080Y,0,0,0,1,1,0
PETCT_a86b3fad40,059Y,0,0,1,0,1,1
PETCT_aaf2c3aa12,040Y,0,0,0,1,1,0
PETCT_ab953a5230,040Y,0,0,1,0,1,1
PETCT_ac700ab4db,061Y,0,0,0,1,1,0
PETCT_adc49adb3d,037Y,0,0,0,1,1,0
PETCT_ae8c77a995,050Y,0,0,1,0,1,1
PETCT_af119148fe,047Y,0,0,0,3,3,0
PETCT_af547fa618,082Y,0,0,0,1,1,0
PETCT_af73b85f2c,078Y,0,0,1,0,1,1
PETCT_b258dfa7c2,062Y,1,0,0,0,1,1
PETCT_b327726c24,071Y,1,0,0,0,1,1
PETCT_b53ba7c6bf,039Y,0,1,0,0,1,1
PETCT_b62864161e,066Y,0,0,0,1,1,0
PETCT_b66ba83594,077Y,0,0,0,1,1,0
PETCT_b7c1533a39,077Y,0,1,0,0,1,1
PETCT_ba717a1f22,076Y,1,0,0,0,1,1
PETCT_bbb2df1e31,048Y,0,0,0,1,1,0
PETCT_be0d3c767e,072Y,0,0,0,1,1,0
PETCT_be3e55a32f,083Y,0,0,1,0,1,1
PETCT_c094a24c03,049Y,0,0,0,2,2,0
PETCT_c1c9e78e0e,065Y,0,0,0,1,1,0
PETCT_c2a51a65c6,071Y,1,0,0,0,1,1
PETCT_c2ffda4725,037Y,0,0,0,2,2,0
PETCT_c4a686881e,015Y,0,1,0,0,1,1
PETCT_ca62984a81,058Y,0,0,0,1,1,0
PETCT_cb83710e3d,024Y,0,0,0,1,1,0
PETCT_cc5c58c82d,054Y,1,0,0,0,1,1
PETCT_cd50f3fec4,041Y,0,0,0,1,1,0
PETCT_cd9bdca46b,048Y,0,0,0,1,1,0
PETCT_ce0ffef966,082Y,0,0,0,1,1,0
PETCT_ce629e2993,050Y,0,0,0,1,1,0
PETCT_d206b891ee,075Y,0,0,1,0,1,1
PETCT_d31a5688a2,050Y,0,0,0,1,1,0
PETCT_d46f0109f8,061Y,1,0,0,0,1,1
PETCT_d63f6162a6,049Y,0,0,1,0,1,1
PETCT_d6a48a629d,074Y,0,0,0,2,2,0
PETCT_d6de1252d9,068Y,0,0,1,0,1,1
PETCT_d8e3aa97a0,022Y,0,0,0,1,1,0
PETCT_dc3437c9b9,061Y,0,0,0,1,1,0
PETCT_dd6165ae36,041Y,0,0,0,1,1,0
PETCT_dd8f9f217c,026Y,0,1,0,0,1,1
PETCT_e00c98b415,018Y,0,0,0,1,1,0
PETCT_e03b96666f,078Y,1,0,0,0,1,1
PETCT_e2834e6f5c,057Y,0,0,1,0,1,1
PETCT_e37d5b9bc2,063Y,0,0,0,1,1,0
PETCT_e5b1d6b4bd,080Y,0,0,0,1,1,0
PETCT_e61c9da258,031Y,0,1,0,0,1,1
PETCT_e6a91fef70,075Y,0,0,0,1,1,0
PETCT_ebaa30ba2e,057Y,0,0,0,1,1,0
PETCT_ebb0045704,060Y,1,0,0,0,1,1
PETCT_ed9dca00d2,018Y,0,1,0,0,1,1
PETCT_ede28cc3c2,058Y,1,0,0,0,1,1
PETCT_f068e22258,068Y,0,0,0,1,1,0
PETCT_f082a3d319,044Y,0,0,0,1,1,0
PETCT_f47e31ceb5,044Y,0,1,0,0,1,1
PETCT_f603eeceba,067Y,0,0,0,1,1,0
PETCT_fb014a1ea0,057Y,0,1,0,0,1,1
