Patient ID,AW,AX,AY,AZ,BW,BX,BY,BZ,CW,CX,CY,CZ,DW,DX,DY,DZ,EW,EX,EY,EZ
CCF1,2,91,0,93,16,0,7,2,385,0,0,0,87,0,0,0,0,0,0,0
CCF10,0,8,7,57,0,0,0,2,13,0,0,0,2,0,0,0,0,0,0,0
CCF11,0,4,42,10,0,0,0,108,0,0,0,148,0,5,0,4,0,510,346,86
CCF12,0,13,0,11,0,0,0,0,0,0,0,0,0,0,0,0,0,351,0,0
CCF13,7,8,0,22,0,0,7,10,0,4,37,0,0,55,11,0,0,68,0,0
CCF14,0,4,34,17,0,0,0,23,0,4,390,61,0,44,0,0,0,592,0,91
CCF15,8,10,0,93,0,0,0,134,0,0,0,0,0,10,0,0,0,0,0,0
CCF16,2,236,64,272,0,3,2,0,33,2,0,0,10,0,0,0,0,0,0,0
CCF17,6,186,0,693,0,5,0,11,9,1,0,8,9,17,2,0,0,0,0,0
CCF18,0,31,0,25,0,0,0,0,0,0,0,0,0,0,0,0,0,0,0,0
CCF2,0,22,0,77,7,0,0,0,77,0,0,0,106,0,0,0,0,0,0,0
CCF3,0,109,0,74,10,0,1,0,60,0,0,0,89,0,0,0,238,0,0,0
CCF4,0,0,0,0,0,0,0,0,0,0,0,49,0,3,0,0,337,113,12,0
CCF5,0,6,0,10,2,0,0,0,8,0,0,0,19,1,0,0,293,10,0,0
CCF6,0,8,0,0,0,0,0,0,0,0,1904,73,0,28,0,0,0,1179,191,28
CCF7,0,2,0,3,1,0,0,0,4,0,0,0,5,0,0,0,0,0,0,0
CCF8,7,51,0,72,0,0,0,0,6,0,0,0,0,0,0,0,0,0,0,0
CCF9,0,1,0,169,0,0,0,2,3,3,0,0,0,0,0,0,0,0,0,0
NCI1,16,78,0,5,0,0,2,0,0,0,0,0,0,0,0,0,0,0,0,0
NCI10,5,489,0,560,0,10,0,146,3,5,70,138,0,92,5,0,0,21,0,0
NCI11,19,179,0,121,0,5,0,19,0,0,5,0,0,29,0,0,0,6,0,0
NCI12,0,263,0,178,0,0,0,0,0,6,0,0,0,30,6,0,0,9,0,0
NCI13,208,647,0,235,0,48,34,1,0,8,0,0,0,99,4,0,0,9,0,0
NCI2,26,652,0,240,0,65,0,5,0,32,0,0,0,59,34,0,0,0,0,0
NCI3,0,501,56,507,0,14,22,119,0,5,198,19,0,146,114,65,0,5,0,20
NCI4,87,543,0,264,0,22,29,6,0,0,31,8,0,31,11,0,0,4,0,0
NCI5,11,21,0,52,0,0,0,0,0,0,6,0,0,28,272,0,0,178,15,0
NCI6,23,499,2,562,0,1,8,0,0,0,0,0,0,0,0,0,0,0,0,0
NCI7,2,95,0,15,0,0,3,0,1,2,0,0,0,0,0,0,0,0,0,0
NCI8,8,166,0,31,0,0,4,0,0,1,0,0,0,0,0,0,0,0,0,0
NCI9,2,393,0,202,0,2,0,0,0,6,0,0,0,25,0,0,0,0,0,0
