Patient ID,Negative,Positive
MEN_002_0,0,1
MEN_003_0,0,1
MEN_004_0,0,1
MEN_005_0,0,1
MEN_006_0,0,1
MEN_007_0,0,1
MEN_008_0,0,1
MEN_009_0,0,1
MEN_010_0,0,1
MEN_011_0,1,0
MEN_012_0,1,0
MEN_013_0,0,1
MEN_014_0,0,1
MEN_015_0,0,1
MEN_016_1,0,1
MEN_017_0,0,1
MEN_018_0,1,0
MEN_019_0,0,1
MEN_020_0,0,1
MEN_021_0,0,1
MEN_022_0,0,1
MEN_023_0,0,1
MEN_025_0,0,1
MEN_026_0,0,1
MEN_028_0,0,1
MEN_029_0,0,1
MEN_030_0,0,1
MEN_031_0,0,1
MEN_032_1,0,1
MEN_033_0,0,1
MEN_034_0,1,0
MEN_035_1,1,0
MEN_036_0,0,1
MEN_037_0,1,0
MEN_039_0,0,1
MEN_040_0,0,1
MEN_041_0,1,0
MEN_042_0,0,1
MEN_043_0,0,1
MEN_044_0,0,1
MEN_045_0,1,0
MEN_046_0,1,0
MEN_047_0,0,1
MEN_048_0,0,1
MEN_049_0,0,1
MEN_050_0,0,1
MEN_051_0,0,1
MEN_054_1,0,1
MEN_056_0,0,1
MEN_057_0,1,0
MEN_058_0,1,0
MEN_059_0,1,0
MEN_060_0,0,1
MEN_061_0,1,0
MEN_062_0,0,1
