patient id,right angiomyolipoma count,right chromophobe count,right clear cell renal cell carcinoma count,right hlrcc count,right hybrid count,right oncocytoma count,right papillary count,right sarcomatoid renal cell carcinoma count,left angiomyolipoma count,left chromophobe count,left clear cell renal cell carcinoma count,left hlrcc count,left hybrid count,left oncocytoma count,left papillary count,left sarcomatoid renal cell carcinoma count,right kidney volume,right tumor volume,left kidney volume,left tumor volume,scan count
0040-Subject-00002,0.0,0.0,0.0,0.0,0.0,0.0,0.0,0.0,2.0,0.0,0.0,0.0,0.0,0.0,0.0,0.0,0.0,0.0,150804.00001,28842.00001,1.0
0040-Subject-00003,0.0,0.0,0.0,0.0,0.0,0.0,0.0,0.0,3.0,0.0,0.0,0.0,0.0,0.0,0.0,0.0,0.0,0.0,222438.00001,88008.00001,1.0
0040-Subject-00009,1.0,0.0,0.0,0.0,0.0,0.0,0.0,0.0,0.0,0.0,0.0,0.0,0.0,0.0,0.0,0.0,195720.00001,24690.00001,0.0,0.0,1.0
0040-Subject-00012,0.0,2.0,0.0,0.0,0.0,0.0,0.0,0.0,0.0,0.0,0.0,0.0,0.0,0.0,0.0,0.0,243462.00001,396.00001,0.0,0.0,1.0
0040-Subject-00013,3.0,0.0,0.0,0.0,0.0,0.0,0.0,0.0,0.0,0.0,0.0,0.0,0.0,0.0,0.0,0.0,193902.00001,173958.00001,0.0,0.0,1.0
0040-Subject-00014,3.0,0.0,0.0,0.0,0.0,0.0,0.0,0.0,0.0,0.0,0.0,0.0,0.0,0.0,0.0,0.0,294828.00001,17520.00001,0.0,0.0,1.0
0040-Subject-00015,3.0,0.0,0.0,0.0,0.0,0.0,0.0,0.0,0.0,0.0,0.0,0.0,0.0,0.0,0.0,0.0,149838.00001,64395.00001,0.0,0.0,1.0
0040-Subject-00016,0.0,1.0,0.0,0.0,0.0,0.0,0.0,0.0,0.0,0.0,0.0,0.0,0.0,0.0,0.0,0.0,285810.00001,579.00001,0.0,0.0,1.0
0040-Subject-00017,3.0,0.0,0.0,0.0,0.0,0.0,0.0,0.0,0.0,0.0,0.0,0.0,0.0,0.0,0.0,0.0,312414.00001,33996.00001,0.0,0.0,1.0
0040-Subject-00018,3.0,0.0,0.0,0.0,0.0,0.0,0.0,0.0,0.0,0.0,0.0,0.0,0.0,0.0,0.0,0.0,162657.00001,25203.00001,94722.00001,0.0,2.0
0040-Subject-00020,0.0,1.0,0.0,0.0,0.0,0.0,0.0,0.0,0.0,0.0,0.0,0.0,0.0,0.0,0.0,0.0,131697.00001,66243.00001,0.0,0.0,1.0
0040-Subject-00021,0.0,0.0,0.0,0.0,0.0,0.0,0.0,0.0,0.0,0.0,1.0,0.0,0.0,0.0,0.0,0.0,0.0,0.0,131550.00001,40989.00001,1.0
0040-Subject-00024,0.0,0.0,0.0,2.0,0.0,0.0,0.0,0.0,0.0,0.0,0.0,0.0,0.0,0.0,0.0,0.0,335454.00001,132990.00001,0.0,0.0,2.0
0040-Subject-00025,0.0,0.0,0.0,0.0,1.0,0.0,0.0,0.0,0.0,0.0,0.0,0.0,0.0,0.0,0.0,0.0,158454.00001,5376.00001,0.0,0.0,1.0
0040-Subject-00028,0.0,0.0,0.0,0.0,0.0,0.0,0.0,0.0,1.0,0.0,0.0,0.0,0.0,0.0,0.0,0.0,0.0,0.0,190413.00001,10110.00001,1.0
0040-Subject-00029,0.0,0.0,0.0,0.0,0.0,0.0,0.0,0.0,6.0,0.0,0.0,0.0,0.0,0.0,0.0,0.0,0.0,0.0,198783.00001,114714.00001,1.0
0040-Subject-00030,0.0,0.0,0.0,0.0,3.0,0.0,0.0,0.0,0.0,0.0,0.0,0.0,0.0,0.0,0.0,0.0,133746.00001,276276.00001,0.0,0.0,1.0
0040-Subject-00031,0.0,0.0,0.0,0.0,0.0,0.0,0.0,0.0,2.0,0.0,0.0,0.0,0.0,0.0,0.0,0.0,157863.00001,0.0,139650.00001,17634.00001,2.0
0040-Subject-00032,4.0,0.0,0.0,0.0,0.0,0.0,0.0,0.0,0.0,0.0,0.0,0.0,0.0,0.0,0.0,0.0,232932.00001,40617.00001,0.0,0.0,1.0
0040-Subject-00034,0.0,0.0,0.0,0.0,0.0,0.0,0.0,0.0,0.0,0.0,0.0,0.0,2.0,0.0,0.0,0.0,0.0,0.0,142071.00001,37206.00001,1.0
0040-Subject-00035,0.0,0.0,0.0,0.0,0.0,1.0,0.0,0.0,0.0,0.0,0.0,0.0,0.0,0.0,0.0,0.0,185154.00001,10989.00001,0.0,0.0,1.0
0040-Subject-00036,0.0,0.0,0.0,0.0,0.0,0.0,0.0,0.0,0.0,1.0,0.0,0.0,0.0,0.0,0.0,0.0,0.0,0.0,156696.00001,324.00001,1.0
0040-Subject-00038,0.0,0.0,0.0,0.0,0.0,0.0,0.0,0.0,0.0,0.0,0.0,0.0,0.0,0.0,4.0,0.0,0.0,0.0,168966.00001,41637.00001,1.0
0040-Subject-00039,2.0,0.0,0.0,0.0,0.0,0.0,0.0,0.0,0.0,0.0,0.0,0.0,0.0,0.0,0.0,0.0,220500.00001,53970.00001,0.0,0.0,1.0
0040-Subject-00040,0.0,0.0,0.0,0.0,0.0,0.0,0.0,0.0,1.0,0.0,0.0,0.0,0.0,0.0,0.0,0.0,0.0,0.0,129579.00001,5157.00001,1.0
0040-Subject-00042,0.0,0.0,0.0,0.0,0.0,0.0,0.0,0.0,1.0,0.0,0.0,0.0,0.0,0.0,0.0,0.0,0.0,0.0,225687.00001,13497.00001,1.0
0040-Subject-00045,0.0,1.0,0.0,0.0,0.0,0.0,0.0,0.0,0.0,0.0,0.0,0.0,0.0,0.0,0.0,0.0,284280.00001,4539.00001,0.0,0.0,1.0
0040-Subject-00046,3.0,0.0,0.0,0.0,0.0,0.0,0.0,0.0,0.0,0.0,0.0,0.0,0.0,0.0,0.0,0.0,94377.00001,19839.00001,0.0,0.0,1.0
0040-Subject-00047,0.0,0.0,0.0,0.0,0.0,0.0,0.0,0.0,0.0,0.0,0.0,0.0,0.0,0.0,1.0,0.0,0.0,0.0,132351.00001,31512.00001,1.0
0040-Subject-00048,0.0,0.0,0.0,0.0,0.0,0.0,0.0,0.0,3.0,0.0,0.0,0.0,0.0,0.0,0.0,0.0,0.0,0.0,129663.00001,38184.00001,1.0
0040-Subject-00049,0.0,0.0,0.0,0.0,0.0,0.0,0.0,0.0,0.0,0.0,0.0,0.0,0.0,0.0,2.0,0.0,0.0,0.0,256302.00001,21090.00001,1.0
0040-Subject-00050,0.0,0.0,0.0,0.0,0.0,0.0,0.0,0.0,0.0,1.0,0.0,0.0,0.0,0.0,0.0,0.0,0.0,0.0,153237.00001,90435.00001,1.0
0040-Subject-00051,4.0,0.0,0.0,0.0,0.0,0.0,0.0,0.0,0.0,0.0,0.0,0.0,0.0,0.0,0.0,0.0,283818.00001,49593.00001,0.0,0.0,1.0
0040-Subject-00054,1.0,0.0,0.0,0.0,0.0,0.0,0.0,0.0,0.0,0.0,0.0,0.0,0.0,0.0,0.0,0.0,149520.00001,12042.00001,0.0,0.0,1.0
0040-Subject-00055,0.0,0.0,0.0,0.0,0.0,0.0,0.0,0.0,3.0,0.0,0.0,0.0,0.0,0.0,0.0,0.0,0.0,0.0,474891.00001,38844.00001,1.0
0040-Subject-00057,1.0,0.0,0.0,0.0,0.0,0.0,0.0,0.0,0.0,0.0,0.0,0.0,0.0,0.0,0.0,0.0,93990.00001,26001.00001,0.0,0.0,1.0
0040-Subject-00062,0.0,0.0,0.0,0.0,0.0,0.0,3.0,0.0,0.0,0.0,0.0,0.0,0.0,0.0,0.0,0.0,180726.00001,21126.00001,0.0,0.0,1.0
0040-Subject-00063,0.0,0.0,0.0,0.0,0.0,0.0,0.0,0.0,0.0,0.0,0.0,0.0,0.0,7.0,0.0,0.0,0.0,0.0,177519.00001,38517.00001,1.0
0040-Subject-00065,0.0,0.0,0.0,0.0,0.0,0.0,0.0,0.0,4.0,0.0,0.0,0.0,0.0,0.0,0.0,0.0,0.0,0.0,260925.00001,34743.00001,1.0
0040-Subject-00066,0.0,2.0,0.0,0.0,0.0,0.0,0.0,0.0,0.0,0.0,0.0,0.0,0.0,0.0,0.0,0.0,202305.00001,984.00001,0.0,0.0,1.0
0040-Subject-00067,2.0,0.0,0.0,0.0,0.0,0.0,0.0,0.0,0.0,0.0,0.0,0.0,0.0,0.0,0.0,0.0,151356.00001,128877.00001,45426.00001,0.0,2.0
0040-Subject-00068,2.0,0.0,0.0,0.0,0.0,0.0,0.0,0.0,0.0,0.0,0.0,0.0,0.0,0.0,0.0,0.0,255042.00001,19806.00001,0.0,0.0,1.0
0040-Subject-00070,0.0,0.0,0.0,0.0,0.0,0.0,0.0,0.0,5.0,0.0,0.0,0.0,0.0,0.0,0.0,0.0,209697.00001,0.0,224520.00001,20439.00001,2.0
0040-Subject-00074,0.0,0.0,0.0,0.0,0.0,0.0,0.0,0.0,7.0,0.0,0.0,0.0,0.0,0.0,0.0,0.0,0.0,0.0,193095.00001,52353.00001,1.0
0040-Subject-00076,8.0,0.0,0.0,0.0,0.0,0.0,0.0,0.0,0.0,0.0,0.0,0.0,0.0,0.0,0.0,0.0,200346.00001,55878.00001,0.0,0.0,1.0
0040-Subject-00077,1.0,0.0,0.0,0.0,0.0,0.0,0.0,0.0,0.0,0.0,0.0,0.0,0.0,0.0,0.0,0.0,132498.00001,8574.00001,0.0,0.0,1.0
0040-Subject-00078,0.0,0.0,0.0,0.0,0.0,0.0,1.0,0.0,0.0,0.0,0.0,0.0,0.0,0.0,0.0,0.0,158898.00001,7635.00001,0.0,0.0,1.0
0040-Subject-00080,2.0,0.0,0.0,0.0,0.0,0.0,0.0,0.0,0.0,0.0,0.0,0.0,0.0,0.0,0.0,0.0,184656.00001,11949.00001,0.0,0.0,1.0
0040-Subject-00081,0.0,0.0,2.0,0.0,0.0,0.0,0.0,0.0,0.0,0.0,0.0,0.0,0.0,0.0,0.0,0.0,178368.00001,19485.00001,0.0,0.0,1.0
0040-Subject-00083,0.0,0.0,0.0,0.0,0.0,0.0,0.0,0.0,0.0,0.0,0.0,0.0,0.0,0.0,8.0,0.0,0.0,0.0,253338.00001,68127.00001,1.0
0040-Subject-00085,0.0,0.0,0.0,0.0,0.0,1.0,0.0,0.0,0.0,0.0,0.0,0.0,0.0,0.0,0.0,0.0,205401.00001,3420.00001,0.0,0.0,1.0
0040-Subject-00087,0.0,0.0,0.0,0.0,0.0,0.0,0.0,0.0,2.0,0.0,0.0,0.0,0.0,0.0,0.0,0.0,0.0,0.0,287979.00001,17484.00001,1.0
0040-Subject-00088,1.0,0.0,0.0,0.0,0.0,0.0,0.0,0.0,0.0,0.0,0.0,0.0,0.0,0.0,0.0,0.0,290340.00001,241383.00001,0.0,0.0,1.0
0040-Subject-00089,2.0,0.0,0.0,0.0,0.0,0.0,0.0,0.0,0.0,0.0,0.0,0.0,0.0,0.0,0.0,0.0,204252.00001,15915.00001,0.0,0.0,1.0
0040-Subject-00091,0.0,0.0,0.0,0.0,0.0,0.0,0.0,0.0,10.0,0.0,0.0,0.0,0.0,0.0,0.0,0.0,0.0,0.0,180039.00001,47994.00001,1.0
0040-Subject-00092,6.0,0.0,0.0,0.0,0.0,0.0,0.0,0.0,0.0,0.0,0.0,0.0,0.0,0.0,0.0,0.0,256884.00001,66876.00001,0.0,0.0,2.0
0040-Subject-00095,0.0,0.0,0.0,0.0,1.0,0.0,0.0,0.0,0.0,0.0,0.0,0.0,0.0,0.0,0.0,0.0,158649.00001,30375.00001,0.0,0.0,1.0
0040-Subject-00096,2.0,0.0,0.0,0.0,0.0,0.0,0.0,0.0,0.0,0.0,0.0,0.0,0.0,0.0,0.0,0.0,155079.00001,67920.00001,0.0,0.0,1.0
0040-Subject-00097,0.0,0.0,0.0,0.0,0.0,0.0,0.0,0.0,0.0,0.0,0.0,0.0,4.0,0.0,0.0,0.0,0.0,0.0,226962.00001,172842.00001,1.0
0040-Subject-00099,2.0,0.0,0.0,0.0,0.0,0.0,0.0,0.0,0.0,0.0,0.0,0.0,0.0,0.0,0.0,0.0,209403.00001,28074.00001,0.0,0.0,1.0
0040-Subject-00100,0.0,0.0,0.0,0.0,0.0,0.0,0.0,0.0,0.0,0.0,0.0,0.0,0.0,0.0,8.0,0.0,0.0,0.0,211968.00001,23850.00001,2.0
0040-Subject-00101,0.0,0.0,0.0,0.0,2.0,0.0,0.0,0.0,0.0,0.0,0.0,0.0,0.0,0.0,0.0,0.0,123336.00001,107475.00001,0.0,0.0,1.0
0040-Subject-00102,4.0,0.0,0.0,0.0,0.0,0.0,0.0,0.0,0.0,0.0,0.0,0.0,0.0,0.0,0.0,0.0,187287.00001,44337.00001,165567.00001,0.0,2.0
0040-Subject-00103,1.0,0.0,0.0,0.0,0.0,0.0,0.0,0.0,0.0,0.0,0.0,0.0,0.0,0.0,0.0,0.0,156804.00001,501393.00001,0.0,0.0,1.0
0040-Subject-00104,0.0,0.0,2.0,0.0,0.0,0.0,0.0,0.0,0.0,0.0,0.0,0.0,0.0,0.0,0.0,0.0,98874.00001,114333.00001,0.0,0.0,1.0
0040-Subject-00107,0.0,0.0,0.0,0.0,0.0,0.0,0.0,0.0,0.0,0.0,0.0,0.0,2.0,0.0,0.0,0.0,0.0,0.0,158880.00001,25005.00001,1.0
0040-Subject-00108,0.0,0.0,0.0,0.0,0.0,0.0,0.0,0.0,4.0,0.0,0.0,0.0,0.0,0.0,0.0,0.0,0.0,0.0,342249.00001,32631.00001,1.0
0040-Subject-00109,1.0,0.0,0.0,0.0,0.0,0.0,0.0,0.0,0.0,0.0,0.0,0.0,0.0,0.0,0.0,0.0,222393.00001,43752.00001,0.0,0.0,2.0
0040-Subject-00110,0.0,0.0,0.0,0.0,0.0,0.0,0.0,0.0,3.0,0.0,0.0,0.0,0.0,0.0,0.0,0.0,0.0,0.0,132996.00001,18429.00001,1.0
0040-Subject-00113,0.0,0.0,0.0,0.0,0.0,0.0,0.0,0.0,1.0,0.0,0.0,0.0,0.0,0.0,0.0,0.0,185625.00001,0.0,69042.00001,518202.00001,2.0
0040-Subject-00114,0.0,0.0,0.0,0.0,0.0,0.0,0.0,0.0,3.0,0.0,0.0,0.0,0.0,0.0,0.0,0.0,0.0,0.0,102486.00001,25020.00001,1.0
0040-Subject-00115,0.0,1.0,0.0,0.0,0.0,0.0,0.0,0.0,0.0,0.0,0.0,0.0,0.0,0.0,0.0,0.0,130401.00001,1395.00001,0.0,0.0,1.0
0040-Subject-00117,0.0,0.0,0.0,0.0,0.0,0.0,0.0,0.0,1.0,0.0,0.0,0.0,0.0,0.0,0.0,0.0,0.0,0.0,202539.00001,37224.00001,1.0
0040-Subject-00118,3.0,0.0,0.0,0.0,0.0,0.0,0.0,0.0,0.0,0.0,0.0,0.0,0.0,0.0,0.0,0.0,208248.00001,23133.00001,0.0,0.0,1.0
0040-Subject-00120,0.0,0.0,0.0,0.0,0.0,0.0,0.0,0.0,0.0,0.0,0.0,1.0,0.0,0.0,0.0,0.0,0.0,0.0,167814.00001,4884.00001,1.0
0040-Subject-00128,0.0,0.0,0.0,0.0,0.0,0.0,0.0,0.0,1.0,0.0,0.0,0.0,0.0,0.0,0.0,0.0,0.0,0.0,193983.00001,19107.00001,1.0
0040-Subject-00129,0.0,0.0,0.0,0.0,0.0,0.0,0.0,0.0,4.0,0.0,0.0,0.0,0.0,0.0,0.0,0.0,0.0,0.0,325845.00001,35997.00001,1.0
0040-Subject-00130,6.0,0.0,0.0,0.0,0.0,0.0,0.0,0.0,0.0,0.0,0.0,0.0,0.0,0.0,0.0,0.0,174456.00001,51507.00001,0.0,0.0,1.0
0040-Subject-00131,6.0,0.0,0.0,0.0,0.0,0.0,0.0,0.0,0.0,0.0,0.0,0.0,0.0,0.0,0.0,0.0,196152.00001,87957.00001,236412.00001,0.0,2.0
0040-Subject-00132,0.0,0.0,0.0,0.0,0.0,0.0,0.0,0.0,0.0,0.0,0.0,0.0,3.0,0.0,0.0,0.0,0.0,0.0,207693.00001,15894.00001,1.0
0040-Subject-00133,0.0,0.0,0.0,0.0,5.0,0.0,0.0,0.0,0.0,0.0,0.0,0.0,0.0,0.0,0.0,0.0,223143.00001,47577.00001,0.0,0.0,1.0
0040-Subject-00137,0.0,0.0,0.0,0.0,0.0,0.0,0.0,0.0,0.0,0.0,0.0,0.0,0.0,0.0,0.0,3.0,0.0,0.0,152019.00001,2604.00001,1.0
0040-Subject-00139,0.0,0.0,0.0,0.0,0.0,0.0,0.0,0.0,5.0,0.0,0.0,0.0,0.0,0.0,0.0,0.0,0.0,0.0,338760.00001,36756.00001,1.0
0040-Subject-00140,9.0,0.0,0.0,0.0,0.0,0.0,0.0,0.0,0.0,0.0,0.0,0.0,0.0,0.0,0.0,0.0,293835.00001,135444.00001,0.0,0.0,1.0
0040-Subject-00141,8.0,0.0,0.0,0.0,0.0,0.0,0.0,0.0,0.0,0.0,0.0,0.0,0.0,0.0,0.0,0.0,191544.00001,19518.00001,0.0,0.0,1.0
0040-Subject-00143,0.0,0.0,0.0,0.0,0.0,0.0,0.0,0.0,1.0,0.0,0.0,0.0,0.0,0.0,0.0,0.0,206541.00001,0.0,227838.00001,6594.00001,2.0
0040-Subject-00145,0.0,0.0,0.0,0.0,4.0,0.0,0.0,0.0,0.0,0.0,0.0,0.0,0.0,0.0,0.0,0.0,124389.00001,14130.00001,0.0,0.0,1.0
0040-Subject-00146,0.0,0.0,0.0,0.0,0.0,0.0,0.0,0.0,0.0,0.0,0.0,0.0,2.0,0.0,0.0,0.0,0.0,0.0,187278.00001,34110.00001,1.0
0040-Subject-00148,0.0,0.0,0.0,0.0,0.0,0.0,0.0,0.0,2.0,0.0,0.0,0.0,0.0,0.0,0.0,0.0,0.0,0.0,151038.00001,64149.00001,1.0
0040-Subject-00150,2.0,0.0,0.0,0.0,0.0,0.0,0.0,0.0,0.0,0.0,0.0,0.0,0.0,0.0,0.0,0.0,193371.00001,38793.00001,0.0,0.0,1.0
0040-Subject-00155,3.0,0.0,0.0,0.0,0.0,0.0,0.0,0.0,0.0,0.0,0.0,0.0,0.0,0.0,0.0,0.0,189780.00001,46383.00001,0.0,0.0,1.0
0040-Subject-00156,2.0,0.0,0.0,0.0,0.0,0.0,0.0,0.0,0.0,0.0,0.0,0.0,0.0,0.0,0.0,0.0,425961.00001,19188.00001,0.0,0.0,1.0
0040-Subject-00159,0.0,0.0,0.0,3.0,0.0,0.0,0.0,0.0,0.0,0.0,0.0,0.0,0.0,0.0,0.0,0.0,142110.00001,11754.00001,0.0,0.0,1.0
0040-Subject-00161,1.0,0.0,0.0,0.0,0.0,0.0,0.0,0.0,0.0,0.0,0.0,0.0,0.0,0.0,0.0,0.0,148269.00001,110166.00001,0.0,0.0,1.0
0040-Subject-00164,1.0,0.0,0.0,0.0,0.0,0.0,0.0,0.0,0.0,0.0,0.0,0.0,0.0,0.0,0.0,0.0,278793.00001,12348.00001,0.0,0.0,1.0
0040-Subject-00166,0.0,0.0,0.0,0.0,1.0,0.0,0.0,0.0,0.0,0.0,0.0,0.0,0.0,0.0,0.0,0.0,130458.00001,30492.00001,0.0,0.0,1.0
0040-Subject-00167,3.0,0.0,0.0,0.0,0.0,0.0,0.0,0.0,0.0,0.0,0.0,0.0,0.0,0.0,0.0,0.0,250086.00001,5127.00001,0.0,0.0,1.0
0040-Subject-00168,0.0,0.0,0.0,2.0,0.0,0.0,0.0,0.0,0.0,0.0,0.0,0.0,0.0,0.0,0.0,0.0,282708.00001,11454.00001,0.0,0.0,2.0
0040-Subject-00170,0.0,0.0,0.0,0.0,0.0,0.0,0.0,0.0,0.0,0.0,0.0,0.0,0.0,0.0,1.0,0.0,0.0,0.0,153108.00001,43299.00001,1.0
0040-Subject-00171,0.0,0.0,0.0,0.0,0.0,0.0,0.0,0.0,3.0,0.0,0.0,0.0,0.0,0.0,0.0,0.0,0.0,0.0,156156.00001,45729.00001,1.0
0040-Subject-00172,1.0,0.0,0.0,0.0,0.0,0.0,0.0,0.0,0.0,0.0,0.0,0.0,0.0,0.0,0.0,0.0,128409.00001,21195.00001,0.0,0.0,1.0
0040-Subject-00173,0.0,0.0,0.0,0.0,0.0,0.0,0.0,0.0,0.0,1.0,0.0,0.0,0.0,0.0,0.0,0.0,0.0,0.0,219735.00001,606.00001,1.0
0040-Subject-00175,3.0,0.0,0.0,0.0,0.0,0.0,0.0,0.0,0.0,0.0,0.0,0.0,0.0,0.0,0.0,0.0,186804.00001,69642.00001,0.0,0.0,1.0
0040-Subject-00177,0.0,0.0,0.0,0.0,3.0,0.0,0.0,0.0,0.0,0.0,0.0,0.0,0.0,0.0,0.0,0.0,169059.00001,155535.00001,0.0,0.0,1.0
0040-Subject-00180,0.0,0.0,0.0,0.0,0.0,0.0,0.0,0.0,5.0,0.0,0.0,0.0,0.0,0.0,0.0,0.0,0.0,0.0,418053.00001,53853.00001,1.0
0040-Subject-00182,0.0,0.0,0.0,0.0,0.0,0.0,6.0,0.0,0.0,0.0,0.0,0.0,0.0,0.0,0.0,0.0,210306.00001,46239.00001,0.0,0.0,1.0
0040-Subject-00183,0.0,0.0,0.0,0.0,0.0,0.0,0.0,0.0,3.0,0.0,0.0,0.0,0.0,0.0,0.0,0.0,0.0,0.0,224433.00001,68355.00001,1.0
0040-Subject-00184,0.0,0.0,6.0,0.0,0.0,0.0,0.0,0.0,0.0,0.0,0.0,0.0,0.0,0.0,0.0,0.0,205476.00001,168621.00001,0.0,0.0,1.0
0040-Subject-00186,0.0,0.0,0.0,0.0,1.0,0.0,0.0,0.0,0.0,0.0,0.0,0.0,0.0,0.0,0.0,0.0,176835.00001,8490.00001,0.0,0.0,1.0
0040-Subject-00188,0.0,0.0,0.0,0.0,0.0,1.0,0.0,0.0,0.0,0.0,0.0,0.0,0.0,0.0,0.0,0.0,137598.00001,20337.00001,0.0,0.0,1.0
0040-Subject-00189,0.0,0.0,0.0,0.0,0.0,0.0,0.0,0.0,1.0,0.0,0.0,0.0,0.0,0.0,0.0,0.0,0.0,0.0,220176.00001,17841.00001,1.0
0040-Subject-00190,0.0,0.0,0.0,0.0,0.0,0.0,0.0,0.0,4.0,0.0,0.0,0.0,0.0,0.0,0.0,0.0,0.0,0.0,323244.00001,78012.00001,1.0
0040-Subject-00192,0.0,0.0,0.0,0.0,0.0,0.0,0.0,0.0,1.0,0.0,0.0,0.0,0.0,0.0,0.0,0.0,0.0,0.0,195312.00001,23409.00001,1.0
0040-Subject-00193,0.0,0.0,0.0,0.0,2.0,0.0,0.0,0.0,0.0,0.0,0.0,0.0,0.0,0.0,0.0,0.0,217596.00001,16407.00001,0.0,0.0,1.0
0040-Subject-00195,0.0,0.0,0.0,0.0,0.0,0.0,0.0,0.0,4.0,0.0,0.0,0.0,0.0,0.0,0.0,0.0,0.0,0.0,219921.00001,24360.00001,1.0
0040-Subject-00197,0.0,0.0,0.0,0.0,0.0,0.0,0.0,0.0,0.0,0.0,3.0,0.0,0.0,0.0,0.0,0.0,0.0,0.0,137388.00001,12795.00001,1.0
0040-Subject-00198,2.0,0.0,0.0,0.0,0.0,0.0,0.0,0.0,0.0,0.0,0.0,0.0,0.0,0.0,0.0,0.0,178017.00001,11466.00001,0.0,0.0,1.0
0040-Subject-00199,0.0,0.0,0.0,0.0,0.0,0.0,0.0,0.0,1.0,0.0,0.0,0.0,0.0,0.0,0.0,0.0,0.0,0.0,166695.00001,24432.00001,1.0
0040-Subject-00200,1.0,0.0,0.0,0.0,0.0,0.0,0.0,0.0,0.0,0.0,0.0,0.0,0.0,0.0,0.0,0.0,185640.00001,63252.00001,0.0,0.0,1.0
0040-Subject-00203,0.0,0.0,0.0,0.0,0.0,0.0,0.0,0.0,0.0,0.0,3.0,0.0,0.0,0.0,0.0,0.0,0.0,0.0,217914.00001,16773.00001,1.0
0040-Subject-00208,0.0,0.0,0.0,0.0,1.0,0.0,0.0,0.0,0.0,0.0,0.0,0.0,0.0,0.0,0.0,0.0,237027.00001,20286.00001,0.0,0.0,1.0
0040-Subject-00210,3.0,0.0,0.0,0.0,0.0,0.0,0.0,0.0,0.0,0.0,0.0,0.0,0.0,0.0,0.0,0.0,119511.00001,27396.00001,0.0,0.0,1.0
0040-Subject-00212,4.0,0.0,0.0,0.0,0.0,0.0,0.0,0.0,0.0,0.0,0.0,0.0,0.0,0.0,0.0,0.0,468510.00001,2160.00001,0.0,0.0,2.0
0040-Subject-00213,0.0,0.0,0.0,0.0,0.0,0.0,0.0,0.0,1.0,0.0,0.0,0.0,0.0,0.0,0.0,0.0,0.0,0.0,121578.00001,132606.00001,1.0
0040-Subject-00214,0.0,0.0,0.0,0.0,1.0,0.0,0.0,0.0,0.0,0.0,0.0,0.0,0.0,0.0,0.0,0.0,160362.00001,57510.00001,0.0,0.0,1.0
0040-Subject-00215,3.0,0.0,0.0,0.0,0.0,0.0,0.0,0.0,1.0,0.0,0.0,0.0,0.0,0.0,0.0,0.0,315669.00001,47103.00001,0.0,123.00001,1.0
0040-Subject-00216,0.0,0.0,0.0,0.0,0.0,0.0,0.0,0.0,0.0,1.0,0.0,0.0,0.0,0.0,0.0,0.0,0.0,0.0,169917.00001,1770.00001,1.0
0040-Subject-00218,0.0,0.0,0.0,0.0,0.0,2.0,0.0,0.0,0.0,0.0,0.0,0.0,0.0,0.0,0.0,0.0,268239.00001,148137.00001,0.0,0.0,1.0
0040-Subject-00219,2.0,0.0,0.0,0.0,0.0,0.0,0.0,0.0,0.0,0.0,0.0,0.0,0.0,0.0,0.0,0.0,154560.00001,53802.00001,0.0,0.0,1.0
0040-Subject-00220,0.0,0.0,0.0,0.0,0.0,0.0,0.0,0.0,0.0,1.0,0.0,0.0,0.0,0.0,0.0,0.0,0.0,0.0,236823.00001,282.00001,1.0
0040-Subject-00223,1.0,0.0,0.0,0.0,0.0,0.0,0.0,0.0,0.0,0.0,0.0,0.0,0.0,0.0,0.0,0.0,137226.00001,11133.00001,0.0,0.0,1.0
0040-Subject-00224,0.0,0.0,0.0,0.0,0.0,0.0,0.0,0.0,0.0,0.0,0.0,0.0,2.0,0.0,0.0,0.0,0.0,0.0,158394.00001,104043.00001,1.0
0040-Subject-00228,3.0,0.0,0.0,0.0,0.0,0.0,0.0,0.0,0.0,0.0,0.0,0.0,0.0,0.0,0.0,0.0,212925.00001,29415.00001,0.0,0.0,1.0
0040-Subject-00230,0.0,0.0,0.0,0.0,0.0,0.0,0.0,0.0,0.0,1.0,0.0,0.0,0.0,0.0,0.0,0.0,0.0,0.0,148641.00001,771.00001,1.0
0040-Subject-00234,0.0,0.0,0.0,0.0,0.0,0.0,0.0,0.0,0.0,0.0,3.0,0.0,0.0,0.0,0.0,0.0,0.0,0.0,242817.00001,82059.00001,1.0
0040-Subject-00238,1.0,0.0,0.0,0.0,0.0,0.0,0.0,0.0,0.0,0.0,0.0,0.0,0.0,0.0,0.0,0.0,74916.00001,17319.00001,154419.00001,0.0,2.0
0040-Subject-00240,0.0,0.0,0.0,0.0,0.0,0.0,0.0,0.0,1.0,0.0,0.0,0.0,0.0,0.0,0.0,0.0,0.0,0.0,158520.00001,10260.00001,1.0
0040-Subject-00241,0.0,0.0,0.0,0.0,0.0,0.0,0.0,0.0,4.0,0.0,0.0,0.0,0.0,0.0,0.0,0.0,0.0,0.0,410868.00001,27333.00001,1.0
0040-Subject-00242,0.0,0.0,0.0,0.0,0.0,0.0,0.0,0.0,2.0,0.0,0.0,0.0,0.0,0.0,0.0,0.0,0.0,0.0,206457.00001,119115.00001,1.0
0040-Subject-00245,0.0,0.0,0.0,0.0,0.0,0.0,0.0,0.0,0.0,0.0,0.0,9.0,0.0,0.0,0.0,0.0,0.0,0.0,340107.00001,225723.00001,1.0
0040-Subject-00248,0.0,0.0,0.0,0.0,0.0,0.0,0.0,0.0,0.0,1.0,0.0,0.0,0.0,0.0,0.0,0.0,0.0,0.0,140184.00001,843.00001,1.0
0040-Subject-00250,0.0,0.0,0.0,0.0,0.0,0.0,0.0,0.0,2.0,0.0,0.0,0.0,0.0,0.0,0.0,0.0,0.0,0.0,158568.00001,14703.00001,1.0
0040-Subject-00251,1.0,0.0,0.0,0.0,0.0,0.0,0.0,0.0,0.0,0.0,0.0,0.0,0.0,0.0,0.0,0.0,137067.00001,84894.00001,0.0,0.0,1.0
0040-Subject-00254,2.0,0.0,0.0,0.0,0.0,0.0,0.0,0.0,0.0,0.0,0.0,0.0,0.0,0.0,0.0,0.0,128841.00001,23040.00001,0.0,0.0,1.0
0040-Subject-00256,1.0,0.0,0.0,0.0,0.0,0.0,0.0,0.0,0.0,0.0,0.0,0.0,0.0,0.0,0.0,0.0,184197.00001,20304.00001,0.0,0.0,1.0
0040-Subject-00257,0.0,0.0,0.0,0.0,1.0,0.0,0.0,0.0,0.0,0.0,0.0,0.0,0.0,0.0,0.0,0.0,212130.00001,1041.00001,0.0,0.0,1.0
0040-Subject-00259,1.0,0.0,0.0,0.0,0.0,0.0,0.0,0.0,0.0,0.0,0.0,0.0,0.0,0.0,0.0,0.0,208545.00001,2697.00001,0.0,0.0,1.0
0040-Subject-00263,1.0,0.0,0.0,0.0,0.0,0.0,0.0,0.0,0.0,0.0,0.0,0.0,0.0,0.0,0.0,0.0,144648.00001,17274.00001,0.0,0.0,1.0
0040-Subject-00267,3.0,0.0,0.0,0.0,0.0,0.0,0.0,0.0,0.0,0.0,0.0,0.0,0.0,0.0,0.0,0.0,209370.00001,28926.00001,0.0,0.0,1.0
0040-Subject-00268,0.0,0.0,0.0,0.0,0.0,0.0,0.0,0.0,1.0,0.0,0.0,0.0,0.0,0.0,0.0,0.0,0.0,0.0,155820.00001,19371.00001,1.0
0040-Subject-00270,5.0,0.0,0.0,0.0,0.0,0.0,0.0,0.0,0.0,0.0,0.0,0.0,0.0,0.0,0.0,0.0,155025.00001,27312.00001,0.0,0.0,1.0
0040-Subject-00273,0.0,0.0,0.0,0.0,0.0,0.0,0.0,0.0,0.0,3.0,0.0,0.0,0.0,0.0,0.0,0.0,0.0,0.0,142188.00001,927.00001,1.0
0040-Subject-00276,1.0,0.0,0.0,0.0,0.0,0.0,0.0,0.0,0.0,0.0,0.0,0.0,0.0,0.0,0.0,0.0,271230.00001,43578.00001,0.0,0.0,1.0
0040-Subject-00278,4.0,0.0,0.0,0.0,0.0,0.0,0.0,0.0,0.0,0.0,0.0,0.0,0.0,0.0,0.0,0.0,183870.00001,163737.00001,0.0,0.0,1.0
0040-Subject-00279,1.0,0.0,0.0,0.0,0.0,0.0,0.0,0.0,0.0,0.0,0.0,0.0,0.0,0.0,0.0,0.0,124272.00001,9873.00001,0.0,0.0,1.0
0040-Subject-00281,5.0,0.0,0.0,0.0,0.0,0.0,0.0,0.0,0.0,0.0,0.0,0.0,0.0,0.0,0.0,0.0,211521.00001,69660.00001,0.0,0.0,1.0
0040-Subject-00283,0.0,0.0,0.0,0.0,0.0,0.0,0.0,0.0,0.0,0.0,0.0,0.0,0.0,0.0,1.0,0.0,0.0,0.0,102918.00001,22518.00001,1.0
0040-Subject-00285,1.0,0.0,0.0,0.0,0.0,0.0,0.0,0.0,0.0,0.0,0.0,0.0,0.0,0.0,0.0,0.0,238923.00001,22641.00001,0.0,0.0,1.0
0040-Subject-00291,2.0,0.0,0.0,0.0,0.0,0.0,0.0,0.0,0.0,0.0,0.0,0.0,0.0,0.0,0.0,0.0,348303.00001,17628.00001,0.0,0.0,1.0
0040-Subject-00292,0.0,0.0,0.0,0.0,0.0,0.0,0.0,0.0,1.0,0.0,0.0,0.0,0.0,0.0,0.0,0.0,0.0,0.0,237471.00001,13002.00001,1.0
0040-Subject-00293,0.0,0.0,0.0,0.0,0.0,0.0,0.0,0.0,5.0,0.0,0.0,0.0,0.0,0.0,0.0,0.0,0.0,0.0,117009.00001,31308.00001,1.0
0040-Subject-00294,0.0,0.0,0.0,0.0,0.0,0.0,0.0,0.0,0.0,1.0,0.0,0.0,0.0,0.0,0.0,0.0,0.0,0.0,132561.00001,3225.00001,1.0
0040-Subject-00295,0.0,0.0,0.0,0.0,0.0,0.0,0.0,0.0,4.0,0.0,0.0,0.0,0.0,0.0,0.0,0.0,0.0,0.0,245643.00001,23694.00001,1.0
0040-Subject-00301,0.0,0.0,0.0,0.0,0.0,0.0,0.0,0.0,2.0,0.0,0.0,0.0,0.0,0.0,0.0,0.0,0.0,0.0,259068.00001,51870.00001,1.0
0040-Subject-00307,2.0,0.0,0.0,0.0,0.0,0.0,0.0,0.0,0.0,0.0,0.0,0.0,0.0,0.0,0.0,0.0,262992.00001,23979.00001,0.0,0.0,1.0
0040-Subject-00308,0.0,0.0,0.0,0.0,0.0,0.0,0.0,0.0,0.0,0.0,0.0,0.0,0.0,0.0,2.0,0.0,0.0,0.0,74856.00001,22605.00001,1.0
0040-Subject-00313,0.0,0.0,0.0,0.0,4.0,0.0,0.0,0.0,0.0,0.0,0.0,0.0,0.0,0.0,0.0,0.0,199524.00001,42321.00001,0.0,0.0,1.0
0040-Subject-00316,3.0,0.0,0.0,0.0,0.0,0.0,0.0,0.0,0.0,0.0,0.0,0.0,0.0,0.0,0.0,0.0,199068.00001,28332.00001,0.0,0.0,1.0
0040-Subject-00317,0.0,0.0,0.0,0.0,0.0,0.0,0.0,0.0,0.0,0.0,0.0,0.0,1.0,0.0,0.0,0.0,0.0,0.0,204669.00001,25383.00001,1.0
0040-Subject-00319,1.0,0.0,0.0,0.0,0.0,0.0,0.0,0.0,0.0,0.0,0.0,0.0,0.0,0.0,0.0,0.0,126435.00001,9294.00001,0.0,0.0,1.0
0040-Subject-00320,0.0,0.0,0.0,0.0,0.0,0.0,0.0,0.0,1.0,0.0,0.0,0.0,0.0,0.0,0.0,0.0,0.0,0.0,71223.00001,22221.00001,1.0
0040-Subject-00321,0.0,0.0,0.0,0.0,0.0,0.0,0.0,0.0,1.0,0.0,0.0,0.0,0.0,0.0,0.0,0.0,0.0,0.0,123648.00001,9735.00001,1.0
0040-Subject-00323,0.0,0.0,0.0,0.0,0.0,0.0,0.0,0.0,4.0,0.0,0.0,0.0,0.0,0.0,0.0,0.0,0.0,0.0,287082.00001,34908.00001,1.0
0040-Subject-00324,0.0,0.0,0.0,0.0,0.0,0.0,0.0,0.0,0.0,0.0,0.0,0.0,5.0,0.0,0.0,0.0,0.0,0.0,278286.00001,21375.00001,1.0
0040-Subject-00325,0.0,0.0,0.0,0.0,0.0,0.0,0.0,0.0,0.0,0.0,0.0,0.0,1.0,0.0,0.0,0.0,0.0,0.0,250515.00001,24243.00001,1.0
0040-Subject-00326,0.0,0.0,0.0,0.0,0.0,0.0,0.0,0.0,0.0,2.0,0.0,0.0,0.0,0.0,0.0,0.0,0.0,0.0,225072.00001,1968.00001,1.0
0040-Subject-00329,4.0,0.0,0.0,0.0,0.0,0.0,0.0,0.0,0.0,0.0,0.0,0.0,0.0,0.0,0.0,0.0,227466.00001,18972.00001,0.0,0.0,1.0
0040-Subject-00330,0.0,0.0,0.0,0.0,3.0,0.0,0.0,0.0,0.0,0.0,0.0,0.0,0.0,0.0,0.0,0.0,79197.00001,8247.00001,0.0,0.0,1.0
0040-Subject-00332,0.0,0.0,0.0,0.0,0.0,0.0,0.0,0.0,1.0,0.0,0.0,0.0,0.0,0.0,0.0,0.0,0.0,0.0,184539.00001,45483.00001,1.0
0040-Subject-00334,0.0,0.0,1.0,0.0,0.0,0.0,0.0,0.0,0.0,0.0,0.0,0.0,0.0,0.0,0.0,0.0,168273.00001,47130.00001,0.0,0.0,1.0
0040-Subject-00335,0.0,0.0,0.0,0.0,1.0,0.0,0.0,0.0,0.0,0.0,0.0,0.0,0.0,0.0,0.0,0.0,225471.00001,48183.00001,0.0,0.0,1.0
0040-Subject-00336,4.0,0.0,0.0,0.0,0.0,0.0,0.0,0.0,0.0,0.0,0.0,0.0,0.0,0.0,0.0,0.0,161667.00001,23244.00001,0.0,0.0,1.0
0040-Subject-00337,0.0,0.0,0.0,0.0,0.0,0.0,0.0,0.0,2.0,0.0,0.0,0.0,0.0,0.0,0.0,0.0,0.0,0.0,207951.00001,28674.00001,1.0
0040-Subject-00339,0.0,0.0,0.0,0.0,0.0,0.0,0.0,0.0,0.0,0.0,0.0,0.0,1.0,0.0,0.0,0.0,0.0,0.0,201324.00001,100506.00001,1.0
0040-Subject-00340,0.0,0.0,0.0,0.0,0.0,0.0,0.0,0.0,1.0,0.0,0.0,0.0,0.0,0.0,0.0,0.0,0.0,0.0,102807.00001,19344.00001,1.0
0040-Subject-00342,0.0,0.0,0.0,0.0,0.0,0.0,4.0,0.0,0.0,0.0,0.0,0.0,0.0,0.0,0.0,0.0,112326.00001,25653.00001,0.0,0.0,1.0
0040-Subject-00345,0.0,0.0,0.0,0.0,0.0,0.0,0.0,0.0,1.0,0.0,0.0,0.0,0.0,0.0,0.0,0.0,0.0,0.0,116979.00001,51159.00001,1.0
0040-Subject-00346,0.0,0.0,0.0,0.0,0.0,0.0,0.0,0.0,0.0,0.0,0.0,0.0,0.0,0.0,5.0,0.0,0.0,0.0,195996.00001,19581.00001,1.0
0040-Subject-00347,2.0,0.0,0.0,0.0,0.0,0.0,0.0,0.0,0.0,0.0,0.0,0.0,0.0,0.0,0.0,0.0,118641.00001,11676.00001,0.0,0.0,1.0
0040-Subject-00348,1.0,0.0,0.0,0.0,0.0,0.0,0.0,0.0,0.0,0.0,0.0,0.0,0.0,0.0,0.0,0.0,234159.00001,10575.00001,0.0,0.0,1.0
0040-Subject-00352,2.0,0.0,0.0,0.0,0.0,0.0,0.0,0.0,0.0,0.0,0.0,0.0,0.0,0.0,0.0,0.0,109779.00001,20145.00001,0.0,0.0,1.0
0040-Subject-00353,0.0,0.0,0.0,0.0,0.0,0.0,0.0,0.0,5.0,0.0,0.0,0.0,0.0,0.0,0.0,0.0,0.0,0.0,175881.00001,99438.00001,1.0
0040-Subject-00356,0.0,0.0,0.0,0.0,0.0,0.0,0.0,0.0,1.0,0.0,0.0,0.0,0.0,0.0,0.0,0.0,0.0,0.0,259887.00001,54009.00001,1.0
0040-Subject-00357,0.0,0.0,0.0,0.0,0.0,0.0,0.0,0.0,4.0,0.0,0.0,0.0,0.0,0.0,0.0,0.0,0.0,0.0,293835.00001,23418.00001,1.0
0040-Subject-00358,2.0,0.0,0.0,0.0,0.0,0.0,0.0,0.0,0.0,0.0,0.0,0.0,0.0,0.0,0.0,0.0,117096.00001,26181.00001,0.0,0.0,1.0
0040-Subject-00360,1.0,0.0,0.0,0.0,0.0,0.0,0.0,0.0,0.0,0.0,0.0,0.0,0.0,0.0,0.0,0.0,258753.00001,36723.00001,0.0,0.0,1.0
0040-Subject-00362,0.0,0.0,0.0,0.0,0.0,0.0,4.0,0.0,0.0,0.0,0.0,0.0,0.0,0.0,0.0,0.0,124038.00001,274281.00001,0.0,0.0,1.0
0040-Subject-00365,0.0,0.0,0.0,0.0,0.0,0.0,0.0,0.0,1.0,0.0,0.0,0.0,0.0,0.0,0.0,0.0,0.0,0.0,204657.00001,15129.00001,1.0
0040-Subject-00367,2.0,0.0,0.0,0.0,0.0,0.0,0.0,0.0,0.0,0.0,0.0,0.0,0.0,0.0,0.0,0.0,126699.00001,29016.00001,0.0,0.0,1.0
0040-Subject-00368,4.0,0.0,0.0,0.0,0.0,0.0,0.0,0.0,0.0,0.0,0.0,0.0,0.0,0.0,0.0,0.0,243399.00001,54594.00001,0.0,0.0,1.0
0040-Subject-00369,1.0,0.0,0.0,0.0,0.0,0.0,0.0,0.0,0.0,0.0,0.0,0.0,0.0,0.0,0.0,0.0,157278.00001,31503.00001,0.0,0.0,1.0
0040-Subject-00370,0.0,2.0,0.0,0.0,0.0,0.0,0.0,0.0,0.0,0.0,0.0,0.0,0.0,0.0,0.0,0.0,139635.00001,2325.00001,0.0,0.0,1.0
0040-Subject-00371,0.0,0.0,0.0,0.0,0.0,0.0,0.0,0.0,0.0,2.0,0.0,0.0,0.0,0.0,0.0,0.0,0.0,0.0,139452.00001,5598.00001,1.0
0040-Subject-00372,3.0,0.0,0.0,0.0,0.0,0.0,0.0,0.0,0.0,0.0,0.0,0.0,0.0,0.0,0.0,0.0,170037.00001,49101.00001,0.0,0.0,1.0
0040-Subject-00374,4.0,0.0,0.0,0.0,0.0,0.0,0.0,0.0,0.0,0.0,0.0,0.0,0.0,0.0,0.0,0.0,167964.00001,72519.00001,0.0,0.0,1.0
0040-Subject-00376,0.0,0.0,0.0,0.0,0.0,0.0,0.0,0.0,0.0,0.0,0.0,0.0,8.0,0.0,0.0,0.0,0.0,0.0,149040.00001,66252.00001,1.0
0040-Subject-00377,0.0,0.0,0.0,0.0,0.0,0.0,0.0,0.0,0.0,0.0,0.0,0.0,0.0,0.0,2.0,0.0,0.0,0.0,183294.00001,24555.00001,1.0
0040-Subject-00378,2.0,0.0,0.0,0.0,0.0,0.0,0.0,0.0,0.0,0.0,0.0,0.0,0.0,0.0,0.0,0.0,95565.00001,72903.00001,0.0,0.0,1.0
0040-Subject-00379,0.0,5.0,0.0,0.0,0.0,0.0,0.0,0.0,0.0,0.0,0.0,0.0,0.0,0.0,0.0,0.0,349062.00001,3603.00001,0.0,0.0,1.0
0040-Subject-00380,0.0,0.0,0.0,0.0,0.0,0.0,0.0,0.0,2.0,0.0,0.0,0.0,0.0,0.0,0.0,0.0,0.0,0.0,140937.00001,49434.00001,1.0
0040-Subject-00383,4.0,0.0,0.0,0.0,0.0,0.0,0.0,0.0,0.0,0.0,0.0,0.0,0.0,0.0,0.0,0.0,212571.00001,30696.00001,0.0,0.0,1.0
0040-Subject-00384,0.0,0.0,0.0,0.0,0.0,0.0,0.0,0.0,2.0,0.0,0.0,0.0,0.0,0.0,0.0,0.0,0.0,0.0,257136.00001,33480.00001,1.0
0040-Subject-00385,0.0,0.0,0.0,0.0,0.0,0.0,0.0,0.0,2.0,0.0,0.0,0.0,0.0,0.0,0.0,0.0,0.0,0.0,257931.00001,40851.00001,1.0
0040-Subject-00386,0.0,0.0,0.0,0.0,0.0,0.0,0.0,0.0,1.0,0.0,0.0,0.0,0.0,0.0,0.0,0.0,0.0,0.0,240495.00001,100275.00001,1.0
0040-Subject-00388,6.0,0.0,0.0,0.0,0.0,0.0,0.0,0.0,0.0,0.0,0.0,0.0,0.0,0.0,0.0,0.0,291591.00001,61776.00001,0.0,0.0,1.0
0040-Subject-00389,0.0,0.0,1.0,0.0,0.0,0.0,0.0,0.0,0.0,0.0,5.0,0.0,0.0,0.0,0.0,0.0,126513.00001,264030.00001,166083.00001,183705.00001,2.0
0040-Subject-00391,0.0,0.0,0.0,0.0,0.0,0.0,0.0,0.0,1.0,0.0,0.0,0.0,0.0,0.0,0.0,0.0,229932.00001,0.0,275811.00001,1389.00001,2.0
0040-Subject-00392,2.0,0.0,0.0,0.0,0.0,0.0,0.0,0.0,0.0,0.0,0.0,0.0,0.0,0.0,0.0,0.0,168672.00001,118689.00001,0.0,0.0,1.0
0040-Subject-00393,0.0,0.0,0.0,0.0,0.0,0.0,0.0,0.0,1.0,0.0,0.0,0.0,0.0,0.0,0.0,0.0,0.0,0.0,165285.00001,20568.00001,1.0
0040-Subject-00401,0.0,0.0,0.0,0.0,0.0,0.0,0.0,0.0,0.0,0.0,0.0,0.0,0.0,0.0,0.0,0.0,0.0,0.0,221592.00001,0.0,1.0
0040-Subject-00404,0.0,0.0,0.0,0.0,0.0,0.0,0.0,0.0,0.0,1.0,0.0,0.0,0.0,0.0,0.0,0.0,118857.00001,0.0,113370.00001,1446.00001,2.0
0040-Subject-00408,0.0,0.0,0.0,0.0,0.0,0.0,0.0,0.0,0.0,0.0,0.0,0.0,0.0,0.0,0.0,0.0,159996.00001,0.0,206532.00001,0.0,2.0
0040-Subject-00411,0.0,0.0,0.0,0.0,0.0,0.0,0.0,0.0,0.0,0.0,0.0,0.0,0.0,0.0,0.0,0.0,146076.00001,0.0,128379.00001,0.0,2.0
0040-Subject-00412,1.0,0.0,0.0,0.0,0.0,0.0,0.0,0.0,0.0,0.0,0.0,0.0,0.0,0.0,0.0,0.0,253092.00001,2496.00001,0.0,0.0,1.0
0040-Subject-00415,0.0,0.0,0.0,0.0,0.0,0.0,0.0,0.0,2.0,0.0,0.0,0.0,0.0,0.0,0.0,0.0,192063.00001,0.0,181464.00001,3183.00001,2.0
0040-Subject-00418,0.0,0.0,0.0,0.0,0.0,0.0,0.0,0.0,0.0,0.0,0.0,0.0,1.0,0.0,0.0,0.0,109278.00001,0.0,138294.00001,273.00001,2.0
0040-Subject-00419,0.0,0.0,0.0,0.0,0.0,0.0,0.0,0.0,0.0,0.0,0.0,0.0,0.0,0.0,0.0,0.0,138648.00001,0.0,154230.00001,0.0,2.0
0040-Subject-00420,0.0,0.0,0.0,0.0,0.0,0.0,1.0,0.0,0.0,0.0,0.0,0.0,0.0,0.0,0.0,0.0,141912.00001,744.00001,147129.00001,0.0,2.0
0040-Subject-00422,0.0,0.0,0.0,0.0,0.0,0.0,0.0,0.0,2.0,0.0,0.0,0.0,0.0,0.0,0.0,0.0,0.0,0.0,256542.00001,23394.00001,1.0
0040-Subject-00423,0.0,0.0,0.0,0.0,0.0,0.0,0.0,0.0,0.0,0.0,0.0,0.0,0.0,0.0,0.0,0.0,160341.00001,0.0,162609.00001,0.0,2.0
0040-Subject-00427,0.0,0.0,0.0,0.0,0.0,0.0,0.0,0.0,0.0,0.0,0.0,0.0,0.0,0.0,0.0,0.0,123801.00001,0.0,119373.00001,0.0,2.0
0040-Subject-00434,0.0,0.0,0.0,0.0,0.0,0.0,0.0,0.0,0.0,0.0,0.0,0.0,0.0,0.0,0.0,0.0,177606.00001,0.0,0.0,0.0,1.0
0040-Subject-00438,0.0,0.0,0.0,0.0,0.0,0.0,0.0,0.0,0.0,0.0,0.0,0.0,0.0,0.0,0.0,0.0,157182.00001,0.0,129738.00001,0.0,2.0
0040-Subject-00440,3.0,0.0,0.0,0.0,0.0,0.0,0.0,0.0,2.0,0.0,0.0,0.0,0.0,0.0,0.0,0.0,249840.00001,1605.00001,240003.00001,1497.00001,2.0
0040-Subject-00444,0.0,0.0,0.0,0.0,0.0,0.0,0.0,0.0,0.0,0.0,0.0,0.0,0.0,0.0,0.0,0.0,121266.00001,0.0,123591.00001,0.0,2.0
0040-Subject-00445,4.0,0.0,0.0,0.0,0.0,0.0,0.0,0.0,0.0,0.0,0.0,0.0,0.0,0.0,0.0,0.0,240549.00001,127278.00001,0.0,0.0,1.0
0040-Subject-00446,0.0,0.0,0.0,0.0,0.0,0.0,0.0,0.0,0.0,0.0,0.0,0.0,0.0,0.0,0.0,0.0,160188.00001,0.0,141345.00001,0.0,2.0
0040-Subject-00447,0.0,0.0,0.0,0.0,0.0,0.0,0.0,0.0,3.0,0.0,0.0,0.0,0.0,0.0,0.0,0.0,0.0,0.0,208119.00001,5184.00001,1.0
0040-Subject-00449,0.0,0.0,0.0,0.0,3.0,0.0,0.0,0.0,0.0,0.0,0.0,0.0,1.0,0.0,0.0,0.0,136659.00001,113070.00001,196434.00001,10179.00001,2.0
0040-Subject-00451,0.0,0.0,0.0,0.0,0.0,0.0,0.0,0.0,0.0,0.0,0.0,0.0,0.0,0.0,0.0,0.0,0.0,0.0,188127.00001,0.0,1.0
0040-Subject-00457,0.0,0.0,0.0,0.0,0.0,0.0,0.0,0.0,0.0,0.0,0.0,0.0,0.0,0.0,0.0,0.0,146967.00001,0.0,159060.00001,0.0,2.0
0040-Subject-00458,0.0,0.0,0.0,0.0,0.0,0.0,0.0,0.0,0.0,0.0,0.0,0.0,0.0,0.0,0.0,0.0,0.0,0.0,210999.00001,0.0,1.0
0040-Subject-00466,0.0,0.0,0.0,0.0,0.0,0.0,0.0,0.0,0.0,0.0,0.0,0.0,0.0,0.0,0.0,0.0,158406.00001,0.0,169386.00001,0.0,2.0
0040-Subject-00470,0.0,0.0,0.0,0.0,0.0,0.0,0.0,0.0,0.0,0.0,0.0,0.0,0.0,0.0,0.0,0.0,120681.00001,0.0,137397.00001,0.0,2.0
0040-Subject-00475,0.0,0.0,0.0,0.0,4.0,0.0,0.0,0.0,0.0,0.0,0.0,0.0,0.0,0.0,0.0,0.0,296145.00001,24063.00001,0.0,0.0,1.0
0040-Subject-00508,0.0,0.0,0.0,0.0,0.0,0.0,0.0,0.0,0.0,1.0,0.0,0.0,0.0,0.0,0.0,0.0,0.0,0.0,189672.00001,1389909.00001,1.0
0040-Subject-00563,0.0,0.0,0.0,0.0,0.0,0.0,1.0,0.0,0.0,0.0,0.0,0.0,0.0,0.0,10.0,0.0,90345.00001,1293.00001,118209.00001,124272.00001,2.0
0040-Subject-00565,0.0,0.0,0.0,0.0,0.0,0.0,0.0,0.0,0.0,0.0,0.0,0.0,0.0,0.0,0.0,0.0,254871.00001,0.0,0.0,0.0,1.0
0040-Subject-00567,0.0,0.0,0.0,0.0,0.0,0.0,0.0,0.0,0.0,0.0,0.0,0.0,0.0,0.0,0.0,0.0,179079.00001,0.0,167409.00001,0.0,2.0
0040-Subject-00568,2.0,0.0,0.0,0.0,0.0,0.0,0.0,0.0,4.0,0.0,0.0,0.0,0.0,0.0,0.0,0.0,78501.00001,5217.00001,127002.00001,17409.00001,2.0
0040-Subject-00570,0.0,0.0,0.0,0.0,0.0,0.0,0.0,0.0,0.0,0.0,0.0,0.0,0.0,0.0,1.0,0.0,159483.00001,0.0,141027.00001,1398.00001,2.0
0040-Subject-00588,0.0,0.0,0.0,0.0,0.0,0.0,0.0,0.0,0.0,0.0,0.0,0.0,0.0,0.0,0.0,0.0,150363.00001,0.0,163161.00001,0.0,2.0
0040-Subject-00589,0.0,0.0,0.0,0.0,3.0,0.0,0.0,0.0,0.0,0.0,0.0,0.0,0.0,0.0,0.0,0.0,187488.00001,68790.00001,0.0,0.0,1.0
0040-Subject-00590,0.0,0.0,0.0,0.0,0.0,0.0,0.0,0.0,0.0,0.0,0.0,0.0,0.0,0.0,0.0,0.0,200622.00001,0.0,202914.00001,0.0,2.0
0040-Subject-00598,0.0,0.0,0.0,0.0,0.0,0.0,0.0,0.0,0.0,0.0,0.0,0.0,0.0,0.0,0.0,0.0,199500.00001,0.0,170793.00001,0.0,2.0
0040-Subject-00599,0.0,0.0,0.0,0.0,0.0,0.0,0.0,0.0,1.0,0.0,0.0,0.0,0.0,0.0,0.0,0.0,152898.00001,0.0,162876.00001,250065.00001,2.0
0040-Subject-00603,0.0,0.0,0.0,0.0,0.0,0.0,0.0,0.0,0.0,0.0,0.0,0.0,0.0,0.0,0.0,0.0,0.0,0.0,220569.00001,0.0,1.0
0040-Subject-00604,0.0,0.0,0.0,0.0,0.0,0.0,0.0,0.0,0.0,1.0,0.0,0.0,0.0,0.0,0.0,0.0,159444.00001,0.0,153213.00001,44175.00001,2.0
0040-Subject-00611,0.0,0.0,0.0,0.0,0.0,0.0,0.0,0.0,0.0,0.0,0.0,0.0,0.0,0.0,0.0,0.0,142056.00001,0.0,133350.00001,0.0,2.0
0040-Subject-00615,0.0,0.0,0.0,0.0,0.0,0.0,0.0,0.0,1.0,0.0,0.0,0.0,0.0,0.0,0.0,0.0,162042.00001,0.0,188472.00001,6936.00001,2.0
0040-Subject-00622,0.0,0.0,0.0,0.0,0.0,0.0,0.0,0.0,0.0,0.0,0.0,0.0,0.0,0.0,2.0,0.0,0.0,0.0,172914.00001,13095.00001,1.0
0040-Subject-00625,0.0,0.0,0.0,0.0,0.0,0.0,0.0,0.0,0.0,0.0,0.0,0.0,0.0,0.0,0.0,0.0,152904.00001,0.0,0.0,0.0,1.0
0040-Subject-00627,1.0,0.0,0.0,0.0,0.0,0.0,0.0,0.0,2.0,0.0,0.0,0.0,0.0,0.0,0.0,0.0,213912.00001,1548.00001,211614.00001,19881.00001,2.0
0040-Subject-00630,0.0,1.0,0.0,0.0,0.0,0.0,0.0,0.0,0.0,0.0,0.0,0.0,0.0,0.0,0.0,0.0,247836.00001,11139.00001,0.0,0.0,1.0
0040-Subject-00639,0.0,0.0,0.0,0.0,0.0,0.0,0.0,0.0,0.0,0.0,0.0,0.0,0.0,0.0,0.0,0.0,247908.00001,0.0,261087.00001,0.0,2.0
0040-Subject-00641,0.0,0.0,0.0,0.0,0.0,0.0,0.0,0.0,0.0,0.0,0.0,0.0,0.0,0.0,0.0,0.0,150531.00001,0.0,130740.00001,0.0,2.0
0040-Subject-00648,0.0,0.0,0.0,0.0,0.0,0.0,0.0,0.0,0.0,0.0,0.0,0.0,0.0,0.0,0.0,0.0,169275.00001,0.0,154218.00001,0.0,2.0
0040-Subject-00650,2.0,0.0,0.0,0.0,0.0,0.0,0.0,0.0,2.0,0.0,0.0,0.0,0.0,0.0,0.0,0.0,120099.00001,2001.00001,103203.00001,20814.00001,2.0
0040-Subject-00652,0.0,0.0,0.0,0.0,0.0,0.0,0.0,0.0,0.0,0.0,0.0,0.0,0.0,0.0,0.0,0.0,219150.00001,0.0,232428.00001,0.0,2.0
0040-Subject-00653,2.0,0.0,0.0,0.0,0.0,0.0,0.0,0.0,0.0,0.0,0.0,0.0,0.0,0.0,0.0,0.0,192810.00001,513.00001,4572.00001,0.0,1.0
0040-Subject-00665,0.0,0.0,0.0,0.0,0.0,0.0,0.0,0.0,0.0,0.0,0.0,0.0,0.0,0.0,0.0,0.0,272919.00001,0.0,0.0,0.0,1.0
0040-Subject-00669,0.0,0.0,0.0,0.0,0.0,0.0,0.0,0.0,0.0,0.0,0.0,0.0,0.0,0.0,0.0,0.0,216699.00001,0.0,226320.00001,0.0,2.0
0040-Subject-00671,0.0,0.0,0.0,0.0,0.0,0.0,0.0,0.0,0.0,0.0,0.0,0.0,0.0,0.0,0.0,0.0,153885.00001,0.0,158793.00001,0.0,2.0
0040-Subject-00674,0.0,0.0,1.0,0.0,0.0,0.0,0.0,0.0,0.0,0.0,2.0,0.0,0.0,0.0,0.0,0.0,127830.00001,10818.00001,140541.00001,9570.00001,2.0
0040-Subject-00718,0.0,0.0,0.0,0.0,5.0,0.0,0.0,0.0,0.0,0.0,0.0,0.0,0.0,0.0,0.0,0.0,389925.00001,26040.00001,0.0,0.0,1.0
0040-Subject-00725,0.0,0.0,0.0,0.0,0.0,1.0,0.0,0.0,0.0,0.0,0.0,0.0,0.0,0.0,0.0,0.0,277590.00001,208797.00001,0.0,0.0,1.0
0040-Subject-00726,0.0,0.0,0.0,0.0,0.0,0.0,0.0,0.0,0.0,0.0,0.0,0.0,0.0,0.0,0.0,0.0,237312.00001,0.0,0.0,0.0,1.0
0040-Subject-00734,0.0,0.0,0.0,0.0,0.0,0.0,0.0,0.0,1.0,0.0,0.0,0.0,0.0,0.0,0.0,0.0,0.0,0.0,259152.00001,9558.00001,1.0
0040-Subject-00735,1.0,0.0,0.0,0.0,0.0,0.0,0.0,0.0,0.0,0.0,0.0,0.0,0.0,0.0,0.0,0.0,112218.00001,184494.00001,0.0,0.0,1.0
0040-Subject-00744,0.0,0.0,0.0,0.0,0.0,0.0,0.0,0.0,0.0,0.0,0.0,0.0,0.0,0.0,0.0,0.0,0.0,0.0,180768.00001,0.0,1.0
0040-Subject-00758,1.0,0.0,0.0,0.0,0.0,0.0,0.0,0.0,0.0,0.0,0.0,0.0,0.0,0.0,0.0,0.0,152952.00001,417.00001,156486.00001,0.0,2.0
0040-Subject-00761,0.0,0.0,0.0,0.0,0.0,0.0,0.0,0.0,0.0,0.0,0.0,0.0,0.0,0.0,0.0,0.0,245619.00001,0.0,0.0,0.0,1.0
0040-Subject-00762,0.0,0.0,0.0,0.0,0.0,0.0,0.0,0.0,0.0,0.0,0.0,0.0,0.0,0.0,0.0,0.0,241533.00001,0.0,0.0,0.0,1.0
0040-Subject-00764,0.0,0.0,0.0,0.0,0.0,0.0,0.0,0.0,0.0,0.0,0.0,0.0,0.0,0.0,0.0,0.0,110229.00001,0.0,118800.00001,0.0,2.0
0040-Subject-00767,0.0,0.0,0.0,0.0,0.0,0.0,0.0,0.0,0.0,0.0,0.0,0.0,0.0,0.0,0.0,0.0,136299.00001,0.0,158571.00001,0.0,2.0
0040-Subject-00769,0.0,0.0,0.0,0.0,0.0,0.0,1.0,0.0,0.0,0.0,0.0,0.0,0.0,0.0,0.0,0.0,110067.00001,228.00001,161328.00001,0.0,2.0
0040-Subject-00771,1.0,0.0,0.0,0.0,0.0,0.0,0.0,0.0,1.0,0.0,0.0,0.0,0.0,0.0,0.0,0.0,253740.00001,7056.00001,177258.00001,258.00001,2.0
0040-Subject-00773,0.0,0.0,0.0,0.0,0.0,0.0,1.0,0.0,0.0,0.0,0.0,0.0,0.0,0.0,1.0,0.0,170196.00001,1080.00001,189906.00001,1665.00001,2.0
0040-Subject-00774,0.0,0.0,0.0,0.0,0.0,0.0,0.0,0.0,1.0,0.0,0.0,0.0,0.0,0.0,0.0,0.0,0.0,0.0,229746.00001,2673.00001,1.0
0040-Subject-00778,3.0,0.0,0.0,0.0,0.0,0.0,0.0,0.0,4.0,0.0,0.0,0.0,0.0,0.0,0.0,0.0,165249.00001,2094.00001,117219.00001,3747.00001,2.0
0040-Subject-00779,0.0,0.0,0.0,0.0,0.0,0.0,4.0,0.0,0.0,0.0,0.0,0.0,0.0,0.0,3.0,0.0,252150.00001,14292.00001,114096.00001,5415.00001,2.0
0040-Subject-00782,0.0,0.0,0.0,0.0,0.0,0.0,0.0,0.0,1.0,0.0,0.0,0.0,0.0,0.0,0.0,0.0,0.0,0.0,262425.00001,22392.00001,1.0
0040-Subject-00783,0.0,0.0,0.0,0.0,0.0,0.0,0.0,0.0,2.0,0.0,0.0,0.0,0.0,0.0,0.0,0.0,0.0,0.0,155052.00001,7149.00001,1.0
0040-Subject-00821,0.0,0.0,0.0,0.0,0.0,0.0,0.0,0.0,2.0,0.0,0.0,0.0,0.0,0.0,0.0,0.0,0.0,0.0,49104.00001,30969.00001,1.0
0040-Subject-00840,0.0,1.0,0.0,0.0,0.0,0.0,0.0,0.0,0.0,0.0,0.0,0.0,0.0,0.0,0.0,0.0,243375.00001,1506.00001,285264.00001,0.0,2.0
0040-Subject-00841,0.0,0.0,0.0,0.0,0.0,0.0,0.0,0.0,0.0,0.0,0.0,0.0,0.0,0.0,0.0,0.0,0.0,0.0,298917.00001,0.0,1.0
0040-Subject-00842,0.0,0.0,0.0,0.0,0.0,0.0,0.0,0.0,0.0,0.0,0.0,0.0,0.0,0.0,0.0,0.0,0.0,0.0,287184.00001,0.0,1.0
0040-Subject-00847,1.0,0.0,0.0,0.0,0.0,0.0,0.0,0.0,0.0,0.0,0.0,0.0,0.0,0.0,0.0,0.0,200541.00001,504.00001,0.0,0.0,1.0
0040-Subject-00848,0.0,0.0,0.0,0.0,2.0,0.0,0.0,0.0,0.0,0.0,0.0,0.0,0.0,0.0,0.0,0.0,123114.00001,10125.00001,0.0,0.0,1.0
0040-Subject-00849,0.0,0.0,0.0,0.0,0.0,0.0,3.0,0.0,0.0,0.0,0.0,0.0,0.0,0.0,3.0,0.0,130581.00001,36906.00001,123459.00001,10080.00001,2.0
0040-Subject-00975,0.0,0.0,0.0,0.0,0.0,0.0,0.0,0.0,0.0,0.0,0.0,0.0,4.0,0.0,0.0,0.0,0.0,0.0,227880.00001,17688.00001,1.0
0040-Subject-01011,0.0,0.0,0.0,0.0,0.0,0.0,0.0,0.0,0.0,0.0,0.0,0.0,0.0,0.0,0.0,0.0,146499.00001,0.0,159096.00001,0.0,2.0
0040-Subject-01014,0.0,0.0,0.0,0.0,0.0,0.0,0.0,0.0,0.0,0.0,0.0,0.0,0.0,0.0,0.0,0.0,187848.00001,0.0,249333.00001,0.0,2.0
0040-Subject-01142,0.0,0.0,1.0,0.0,0.0,0.0,0.0,0.0,0.0,0.0,1.0,0.0,0.0,0.0,0.0,0.0,140040.00001,11640.00001,120930.00001,2805.00001,2.0
0040-Subject-01146,0.0,0.0,0.0,0.0,0.0,0.0,0.0,0.0,0.0,0.0,0.0,0.0,0.0,0.0,0.0,0.0,231459.00001,0.0,0.0,0.0,1.0
0040-Subject-01225,0.0,0.0,0.0,0.0,0.0,0.0,0.0,0.0,0.0,0.0,0.0,0.0,0.0,0.0,0.0,0.0,131247.00001,0.0,115761.00001,0.0,2.0
0040-Subject-01229,0.0,0.0,0.0,0.0,0.0,0.0,1.0,0.0,0.0,0.0,0.0,0.0,0.0,0.0,0.0,0.0,205878.00001,19110.00001,191820.00001,0.0,2.0
0040-Subject-01230,0.0,0.0,0.0,0.0,2.0,0.0,0.0,0.0,0.0,0.0,0.0,0.0,5.0,0.0,0.0,0.0,142074.00001,2727.00001,174642.00001,5841.00001,2.0
0040-Subject-01232,0.0,0.0,0.0,0.0,0.0,0.0,2.0,0.0,0.0,0.0,0.0,0.0,0.0,0.0,0.0,0.0,98217.00001,471.00001,99909.00001,0.0,2.0
0040-Subject-01233,1.0,0.0,0.0,0.0,0.0,0.0,0.0,0.0,0.0,0.0,0.0,0.0,0.0,0.0,0.0,0.0,95472.00001,6096.00001,105387.00001,0.0,2.0
0040-Subject-01236,0.0,0.0,0.0,0.0,0.0,0.0,0.0,0.0,1.0,0.0,0.0,0.0,0.0,0.0,0.0,0.0,110793.00001,0.0,115749.00001,192.00001,2.0
0040-Subject-01237,0.0,0.0,0.0,0.0,0.0,0.0,0.0,0.0,0.0,0.0,0.0,0.0,0.0,0.0,0.0,0.0,167550.00001,0.0,197634.00001,0.0,2.0
0040-Subject-01241,0.0,0.0,0.0,0.0,0.0,0.0,0.0,0.0,1.0,0.0,0.0,0.0,0.0,0.0,0.0,0.0,137145.00001,0.0,155157.00001,39171.00001,2.0
0040-Subject-01245,0.0,0.0,0.0,0.0,0.0,0.0,0.0,0.0,0.0,1.0,0.0,0.0,0.0,0.0,0.0,0.0,163578.00001,0.0,148107.00001,96.00001,2.0
0040-Subject-01247,1.0,0.0,0.0,0.0,0.0,0.0,0.0,0.0,3.0,0.0,0.0,0.0,0.0,0.0,0.0,0.0,75507.00001,300.00001,78678.00001,151134.00001,2.0
0040-Subject-01249,0.0,0.0,0.0,0.0,0.0,0.0,0.0,0.0,0.0,0.0,0.0,0.0,0.0,0.0,0.0,0.0,175551.00001,0.0,0.0,0.0,1.0
0040-Subject-01250,0.0,0.0,0.0,0.0,6.0,0.0,0.0,0.0,0.0,0.0,0.0,0.0,3.0,0.0,0.0,0.0,136458.00001,19176.00001,169857.00001,945.00001,2.0
0040-Subject-01251,0.0,0.0,0.0,0.0,0.0,0.0,0.0,0.0,0.0,0.0,0.0,0.0,0.0,0.0,0.0,0.0,161571.00001,0.0,167892.00001,0.0,2.0
0040-Subject-01254,0.0,0.0,0.0,0.0,0.0,0.0,0.0,0.0,0.0,0.0,0.0,0.0,0.0,0.0,0.0,0.0,123174.00001,0.0,154287.00001,0.0,2.0
0040-Subject-01264,0.0,0.0,0.0,0.0,0.0,0.0,0.0,0.0,0.0,0.0,0.0,0.0,0.0,0.0,0.0,0.0,0.0,0.0,196446.00001,0.0,1.0
0040-Subject-01266,2.0,0.0,0.0,0.0,0.0,0.0,0.0,0.0,3.0,0.0,0.0,0.0,0.0,0.0,0.0,0.0,103776.00001,24174.00001,187962.00001,5562.00001,2.0
0040-Subject-01267,3.0,0.0,0.0,0.0,0.0,0.0,0.0,0.0,5.0,0.0,0.0,0.0,0.0,0.0,0.0,0.0,133611.00001,13305.00001,165468.00001,51669.00001,2.0
0040-Subject-01269,2.0,0.0,0.0,0.0,0.0,0.0,0.0,0.0,0.0,0.0,0.0,0.0,0.0,0.0,0.0,0.0,147831.00001,17049.00001,0.0,0.0,1.0
0040-Subject-01272,0.0,0.0,0.0,0.0,0.0,0.0,6.0,0.0,0.0,0.0,0.0,0.0,0.0,0.0,2.0,0.0,214566.00001,12852.00001,221811.00001,29136.00001,2.0
0040-Subject-01273,0.0,0.0,0.0,0.0,0.0,0.0,2.0,0.0,0.0,0.0,0.0,0.0,0.0,0.0,0.0,0.0,152865.00001,4482.00001,172605.00001,0.0,2.0
0040-Subject-01274,0.0,0.0,0.0,0.0,2.0,0.0,0.0,0.0,0.0,0.0,0.0,0.0,1.0,0.0,0.0,0.0,167883.00001,1014.00001,137814.00001,69.00001,2.0
0040-Subject-01276,0.0,0.0,0.0,0.0,0.0,0.0,0.0,0.0,0.0,0.0,0.0,0.0,0.0,0.0,0.0,0.0,196359.00001,0.0,202713.00001,0.0,2.0
0040-Subject-01280,0.0,0.0,0.0,0.0,0.0,0.0,0.0,0.0,0.0,0.0,0.0,0.0,0.0,0.0,0.0,0.0,0.0,0.0,147984.00001,0.0,1.0
0040-Subject-01281,0.0,0.0,0.0,0.0,0.0,0.0,0.0,0.0,0.0,0.0,0.0,0.0,0.0,0.0,0.0,0.0,106797.00001,0.0,106677.00001,0.0,2.0
0040-Subject-01283,0.0,0.0,0.0,0.0,0.0,0.0,0.0,0.0,0.0,0.0,0.0,0.0,0.0,0.0,0.0,0.0,160404.00001,0.0,0.0,0.0,1.0
0040-Subject-01284,0.0,0.0,0.0,0.0,0.0,0.0,0.0,0.0,0.0,0.0,0.0,0.0,0.0,0.0,0.0,0.0,144870.00001,0.0,103632.00001,0.0,2.0
0040-Subject-01287,0.0,0.0,0.0,0.0,0.0,0.0,0.0,0.0,1.0,0.0,0.0,0.0,0.0,0.0,0.0,0.0,0.0,0.0,207612.00001,7515.00001,1.0
0040-Subject-01290,0.0,0.0,0.0,0.0,0.0,0.0,0.0,0.0,0.0,0.0,0.0,1.0,0.0,0.0,0.0,0.0,0.0,0.0,122667.00001,546.00001,1.0
0040-Subject-01291,2.0,0.0,0.0,0.0,0.0,0.0,0.0,0.0,0.0,0.0,0.0,0.0,0.0,0.0,0.0,0.0,122754.00001,31359.00001,0.0,0.0,1.0
0040-Subject-01292,0.0,0.0,0.0,0.0,0.0,0.0,0.0,0.0,1.0,0.0,0.0,0.0,0.0,0.0,0.0,0.0,0.0,0.0,138243.00001,13683.00001,1.0
0040-Subject-01293,2.0,0.0,0.0,0.0,0.0,0.0,0.0,0.0,0.0,0.0,0.0,0.0,0.0,0.0,0.0,0.0,214986.00001,101028.00001,0.0,0.0,1.0
0040-Subject-01294,0.0,0.0,0.0,0.0,0.0,0.0,0.0,0.0,1.0,0.0,0.0,0.0,0.0,0.0,0.0,0.0,0.0,0.0,124296.00001,10737.00001,1.0
0040-Subject-01295,3.0,0.0,0.0,0.0,0.0,0.0,0.0,0.0,0.0,0.0,0.0,0.0,0.0,0.0,0.0,0.0,108657.00001,37959.00001,0.0,0.0,1.0
0040-Subject-01297,0.0,0.0,0.0,0.0,0.0,1.0,0.0,0.0,0.0,0.0,0.0,0.0,0.0,0.0,0.0,0.0,395118.00001,5304.00001,0.0,0.0,1.0
0040-Subject-01299,3.0,0.0,0.0,0.0,0.0,0.0,0.0,0.0,0.0,0.0,0.0,0.0,0.0,0.0,0.0,0.0,119544.00001,31470.00001,0.0,0.0,1.0
0040-Subject-01300,0.0,0.0,0.0,0.0,0.0,0.0,0.0,0.0,0.0,0.0,0.0,0.0,0.0,0.0,4.0,0.0,0.0,0.0,82071.00001,22500.00001,1.0
0040-Subject-01301,0.0,0.0,0.0,0.0,0.0,0.0,0.0,0.0,3.0,0.0,0.0,0.0,0.0,0.0,0.0,0.0,0.0,0.0,141621.00001,64584.00001,1.0
0040-Subject-01304,0.0,0.0,0.0,0.0,0.0,0.0,0.0,0.0,5.0,0.0,0.0,0.0,0.0,0.0,0.0,0.0,0.0,0.0,230817.00001,72114.00001,1.0
0040-Subject-01306,0.0,0.0,0.0,0.0,0.0,0.0,2.0,0.0,0.0,0.0,0.0,0.0,0.0,0.0,0.0,0.0,187200.00001,251421.00001,0.0,0.0,1.0
0040-Subject-01307,0.0,0.0,0.0,0.0,0.0,0.0,0.0,0.0,1.0,0.0,0.0,0.0,0.0,0.0,0.0,0.0,0.0,0.0,158436.00001,39297.00001,1.0
0040-Subject-01309,0.0,0.0,0.0,0.0,2.0,0.0,0.0,0.0,0.0,0.0,0.0,0.0,0.0,0.0,0.0,0.0,183510.00001,66552.00001,0.0,0.0,1.0
0040-Subject-01311,0.0,0.0,0.0,0.0,0.0,2.0,0.0,0.0,0.0,0.0,0.0,0.0,0.0,0.0,0.0,0.0,149283.00001,203568.00001,0.0,0.0,1.0
0040-Subject-01315,0.0,0.0,0.0,4.0,0.0,0.0,0.0,0.0,0.0,0.0,0.0,0.0,0.0,0.0,0.0,0.0,164319.00001,16458.00001,0.0,0.0,1.0
0040-Subject-01316,2.0,0.0,0.0,0.0,0.0,0.0,0.0,0.0,0.0,0.0,0.0,0.0,0.0,0.0,0.0,0.0,115707.00001,36123.00001,0.0,0.0,1.0
0040-Subject-01317,0.0,0.0,0.0,0.0,0.0,0.0,0.0,0.0,5.0,0.0,0.0,0.0,0.0,0.0,0.0,0.0,0.0,0.0,395046.00001,31230.00001,1.0
0040-Subject-01318,0.0,0.0,0.0,0.0,0.0,0.0,0.0,0.0,1.0,0.0,0.0,0.0,0.0,0.0,0.0,0.0,0.0,0.0,300714.00001,92913.00001,1.0
0040-Subject-01321,28.0,0.0,0.0,0.0,0.0,0.0,0.0,0.0,0.0,0.0,0.0,0.0,0.0,0.0,0.0,0.0,240474.00001,28416.00001,0.0,0.0,1.0
0040-Subject-01327,0.0,0.0,0.0,0.0,0.0,0.0,0.0,0.0,1.0,0.0,0.0,0.0,0.0,0.0,0.0,0.0,0.0,0.0,231324.00001,11691.00001,1.0
0040-Subject-01328,11.0,0.0,0.0,0.0,0.0,0.0,0.0,0.0,0.0,0.0,0.0,0.0,0.0,0.0,0.0,0.0,149286.00001,64134.00001,0.0,0.0,1.0
0040-Subject-01329,3.0,0.0,0.0,0.0,0.0,0.0,0.0,0.0,1.0,0.0,0.0,0.0,0.0,0.0,0.0,0.0,188802.00001,20430.00001,179025.00001,4266.00001,1.0
0040-Subject-01331,5.0,0.0,0.0,0.0,0.0,0.0,0.0,0.0,0.0,0.0,0.0,0.0,0.0,0.0,0.0,0.0,230553.00001,148566.00001,0.0,0.0,1.0
0040-Subject-01332,0.0,0.0,0.0,0.0,0.0,0.0,0.0,0.0,0.0,0.0,0.0,0.0,0.0,0.0,0.0,6.0,0.0,0.0,202281.00001,101493.00001,1.0
0040-Subject-01335,0.0,1.0,0.0,0.0,0.0,0.0,0.0,0.0,0.0,0.0,0.0,0.0,0.0,0.0,0.0,0.0,144858.00001,1248.00001,0.0,0.0,1.0
0040-Subject-01336,2.0,0.0,0.0,0.0,0.0,0.0,0.0,0.0,0.0,0.0,0.0,0.0,0.0,0.0,0.0,0.0,174060.00001,29319.00001,0.0,0.0,1.0
0040-Subject-01337,0.0,0.0,0.0,0.0,0.0,0.0,0.0,0.0,0.0,0.0,0.0,0.0,1.0,0.0,0.0,0.0,0.0,0.0,174477.00001,1662.00001,1.0
0040-Subject-01340,0.0,0.0,0.0,0.0,0.0,0.0,0.0,2.0,0.0,0.0,0.0,0.0,0.0,0.0,0.0,0.0,215115.00001,204063.00001,0.0,0.0,1.0
0040-Subject-01342,1.0,0.0,0.0,0.0,0.0,0.0,0.0,0.0,0.0,0.0,0.0,0.0,0.0,0.0,0.0,0.0,241800.00001,8760.00001,0.0,0.0,1.0
0040-Subject-01343,0.0,0.0,0.0,0.0,1.0,0.0,0.0,0.0,0.0,0.0,0.0,0.0,0.0,0.0,0.0,0.0,222426.00001,175644.00001,0.0,0.0,1.0
