Patient ID,Scan Count,Tumor Burden,Parenchyma Tumor Burden,Mediastinum Tumor Burden,Pleura Tumor Burden,Parenchyma Tumor Presence Count,Mediastinum Tumor Presence Count,Pleura Tumor Presence Count
165-Subject-10001,2.0,9043.439691982272,0.0,9043.439691982272,0.0,0.0,2.0,0.0
165-Subject-10002,1.0,39795.348644578466,0.0,39795.348644578466,0.0,0.0,1.0,0.0
165-Subject-10005,3.0,132968.845471108,0.0,132785.0954773665,183.74999374151236,0.0,2.0,1.0
165-Subject-10006,4.0,207507.6429323316,0.0,207507.6429323316,0.0,0.0,4.0,0.0
165-Subject-10008,2.0,22494.429233844287,0.0,535.5699817585946,21958.85925208569,0.0,1.0,2.0
165-Subject-10009,2.0,53720.65817028524,0.0,53720.65817028524,0.0,0.0,2.0,0.0
165-Subject-10011,5.0,43365.48852298023,0.0,43365.48852298023,0.0,0.0,5.0,0.0
165-Subject-10012,1.0,26048.39911279679,0.0,26048.39911279679,0.0,0.0,1.0,0.0
165-Subject-10013,1.0,45550.398448562635,0.0,45550.398448562635,0.0,0.0,1.0,0.0
165-Subject-10014,4.0,3584.839877901078,0.0,2740.5699066567427,844.2699712443355,0.0,3.0,1.0
165-Subject-10016,6.0,225358.3423243404,0.0,225358.3423243404,0.0,0.0,6.0,0.0
165-Subject-10017,2.0,28201.949039447318,0.0,28201.949039447318,0.0,0.0,2.0,0.0
165-Subject-10019,2.0,9586.849673473838,0.0,7318.149750745299,2268.699922728539,0.0,1.0,1.0
165-Subject-10020,2.0,4459.979848093988,1615.5299449753766,0.0,2844.449903118611,1.0,0.0,1.0
165-Subject-10021,4.0,130888.79554195408,0.0,130888.79554195408,0.0,0.0,4.0,0.0
165-Subject-10022,2.0,9042.949691998961,227.8499922394753,8815.099699759487,0.0,1.0,1.0,0.0
165-Subject-10023,4.0,85274.20709557775,0.0,78828.25731512549,6445.9497804522525,0.0,2.0,2.0
165-Subject-10025,2.0,4278.679854269029,0.0,4278.679854269029,0.0,0.0,2.0,0.0
165-Subject-10026,4.0,84924.3471074939,0.0,84924.3471074939,0.0,0.0,4.0,0.0
165-Subject-10027,12.0,34624.86882068397,3478.019881539346,31146.84893914462,0.0,8.0,4.0,0.0
165-Subject-10028,2.0,122760.18581881288,0.0,105502.87640659335,17257.30941221953,0.0,1.0,1.0
165-Subject-10029,5.0,38350.33869379522,0.0,38350.33869379522,0.0,0.0,5.0,0.0
165-Subject-10030,4.0,42414.888555357466,0.0,42414.888555357466,0.0,0.0,4.0,0.0
165-Subject-10032,3.0,117562.75599583628,0.0,117562.75599583628,0.0,0.0,3.0,0.0
165-Subject-10033,3.0,37679.52871664287,0.0,22682.589227435594,14996.939489207272,0.0,2.0,1.0
165-Subject-10035,2.0,5005.3498295187965,0.0,5005.3498295187965,0.0,0.0,2.0,0.0
165-Subject-10036,2.0,9481.009677078726,0.0,9481.009677078726,0.0,0.0,2.0,0.0
165-Subject-10037,2.0,22507.659233393675,0.0,12366.619578795437,10141.039654598238,0.0,1.0,1.0
165-Subject-10040,1.0,20081.669316022402,0.0,20081.669316022402,0.0,0.0,1.0,0.0
165-Subject-10041,4.0,59684.447967159766,0.0,59684.447967159766,0.0,0.0,4.0,0.0
165-Subject-10042,9.0,18574.42936735869,11880.539595351223,6693.889772007467,0.0,5.0,4.0,0.0
165-Subject-10044,5.0,4787.299836945535,0.0,1853.1799368810662,2934.119900064469,0.0,4.0,2.0
165-Subject-10046,1.0,1166.1999602794651,0.0,0.0,1166.1999602794651,0.0,0.0,1.0
165-Subject-10047,2.0,345910.5882183553,0.0,345910.5882183553,0.0,0.0,2.0,0.0
165-Subject-10049,1.0,1855.1399368143086,0.0,0.0,1855.1399368143086,0.0,0.0,1.0
165-Subject-10051,1.0,16045.049453508858,0.0,16045.049453508858,0.0,0.0,1.0,0.0
165-Subject-10054,1.0,34863.498812556274,0.0,34863.498812556274,0.0,0.0,1.0,0.0
165-Subject-10060,2.0,39099.05866829396,643.8599780702593,38455.198690223704,0.0,1.0,1.0,0.0
165-Subject-10061,2.0,1585.1499460101131,218.04999257326133,1367.0999534368518,0.0,1.0,1.0,0.0
165-Subject-10062,2.0,200885.29315788753,0.0,200885.29315788753,0.0,0.0,2.0,0.0
165-Subject-10063,4.0,8151.149722373488,4672.149840867521,3287.899888014794,191.09999349117285,2.0,1.0,1.0
165-Subject-10064,2.0,8273.649718201163,0.0,8273.649718201163,0.0,0.0,2.0,0.0
165-Subject-10066,2.0,6821.77976765156,0.0,6821.77976765156,0.0,0.0,2.0,0.0
165-Subject-10067,1.0,164431.74439948803,0.0,164431.74439948803,0.0,0.0,1.0,0.0
165-Subject-10068,1.0,5402.249816000463,0.0,0.0,5402.249816000463,0.0,0.0,1.0
165-Subject-10070,2.0,3209.989890668393,0.0,3209.989890668393,0.0,0.0,2.0,0.0
165-Subject-10071,2.0,16596.299434733395,0.0,16596.299434733395,0.0,0.0,2.0,0.0
165-Subject-10072,3.0,9705.919669418337,0.0,9232.089685556892,473.8299838614465,0.0,2.0,1.0
165-Subject-10073,1.0,18230.44937907458,0.0,18230.44937907458,0.0,0.0,1.0,0.0
165-Subject-10074,1.0,115277.39607367519,0.0,115277.39607367519,0.0,0.0,1.0,0.0
165-Subject-10075,4.0,2988.999898195268,438.5499850630762,1504.2999487638479,1046.1499643683437,2.0,1.0,1.0
165-Subject-10078,2.0,6431.249780952932,0.0,6431.249780952932,0.0,0.0,2.0,0.0
165-Subject-10079,3.0,11850.64959636927,0.0,11850.64959636927,0.0,0.0,3.0,0.0
165-Subject-10080,1.0,68212.89767668249,0.0,68212.89767668249,0.0,0.0,1.0,0.0
165-Subject-10081,2.0,2169.0554062402093,0.0,2169.0554062402093,0.0,0.0,2.0,0.0
165-Subject-10087,1.0,10293.919649391177,0.0,10293.919649391177,0.0,0.0,1.0,0.0
165-Subject-10088,6.0,45508.748449981234,3613.259876933099,41895.48857304813,0.0,4.0,2.0,0.0
